TagID,DateTime,lc,Y2,X2,Date,Year,ID,DeployID,DeployY,DeployX,Species,Age,Deploydatetime,Retrievedatetime,Lon,Lat
229275,2022-02-10T14:42:30Z,B,-7.261,72.476,2022-02-10,2022,GY02216,1,-7.247698,72.45145,RFB,Immature Basic 1,2022-02-10T06:07:00Z,2022-02-23T14:51:37Z,72.476,-7.261
229275,2022-02-10T15:00:42Z,3,-7.249,72.448,2022-02-10,2022,GY02216,1,-7.247698,72.45145,RFB,Immature Basic 1,2022-02-10T06:07:00Z,2022-02-23T14:51:37Z,72.448,-7.249
229275,2022-02-10T15:15:24Z,3,-7.25,72.452,2022-02-10,2022,GY02216,1,-7.247698,72.45145,RFB,Immature Basic 1,2022-02-10T06:07:00Z,2022-02-23T14:51:37Z,72.452,-7.25
229275,2022-02-10T16:03:10Z,B,-7.252,72.458,2022-02-10,2022,GY02216,1,-7.247698,72.45145,RFB,Immature Basic 1,2022-02-10T06:07:00Z,2022-02-23T14:51:37Z,72.458,-7.252
229275,2022-02-10T16:51:55Z,B,-7.25,72.458,2022-02-10,2022,GY02216,1,-7.247698,72.45145,RFB,Immature Basic 1,2022-02-10T06:07:00Z,2022-02-23T14:51:37Z,72.458,-7.25
229275,2022-02-10T17:00:47Z,3,-7.251,72.449,2022-02-10,2022,GY02216,1,-7.247698,72.45145,RFB,Immature Basic 1,2022-02-10T06:07:00Z,2022-02-23T14:51:37Z,72.449,-7.251
229275,2022-02-10T17:43:19Z,A,-7.248,72.449,2022-02-10,2022,GY02216,1,-7.247698,72.45145,RFB,Immature Basic 1,2022-02-10T06:07:00Z,2022-02-23T14:51:37Z,72.449,-7.248
229275,2022-02-11T12:33:58Z,0,-7.587,74.607,2022-02-11,2022,GY02216,1,-7.247698,72.45145,RFB,Immature Basic 1,2022-02-10T06:07:00Z,2022-02-23T14:51:37Z,74.607,-7.587
229275,2022-02-11T13:13:01Z,B,-7.6,74.631,2022-02-11,2022,GY02216,1,-7.247698,72.45145,RFB,Immature Basic 1,2022-02-10T06:07:00Z,2022-02-23T14:51:37Z,74.631,-7.6
229275,2022-02-11T13:24:11Z,3,-7.638,74.659,2022-02-11,2022,GY02216,1,-7.247698,72.45145,RFB,Immature Basic 1,2022-02-10T06:07:00Z,2022-02-23T14:51:37Z,74.659,-7.638
229275,2022-02-11T14:06:46Z,1,-7.653,74.63,2022-02-11,2022,GY02216,1,-7.247698,72.45145,RFB,Immature Basic 1,2022-02-10T06:07:00Z,2022-02-23T14:51:37Z,74.63,-7.653
229275,2022-02-11T14:47:45Z,0,-7.676,74.631,2022-02-11,2022,GY02216,1,-7.247698,72.45145,RFB,Immature Basic 1,2022-02-10T06:07:00Z,2022-02-23T14:51:37Z,74.631,-7.676
229275,2022-02-11T14:52:05Z,1,-7.677,74.638,2022-02-11,2022,GY02216,1,-7.247698,72.45145,RFB,Immature Basic 1,2022-02-10T06:07:00Z,2022-02-23T14:51:37Z,74.638,-7.677
229275,2022-02-11T15:43:33Z,B,-7.688,74.619,2022-02-11,2022,GY02216,1,-7.247698,72.45145,RFB,Immature Basic 1,2022-02-10T06:07:00Z,2022-02-23T14:51:37Z,74.619,-7.688
229275,2022-02-11T16:27:33Z,B,-7.682,74.62,2022-02-11,2022,GY02216,1,-7.247698,72.45145,RFB,Immature Basic 1,2022-02-10T06:07:00Z,2022-02-23T14:51:37Z,74.62,-7.682
229275,2022-02-11T16:51:30Z,2,-7.685,74.62,2022-02-11,2022,GY02216,1,-7.247698,72.45145,RFB,Immature Basic 1,2022-02-10T06:07:00Z,2022-02-23T14:51:37Z,74.62,-7.685
229275,2022-02-11T17:21:09Z,2,-7.687,74.624,2022-02-11,2022,GY02216,1,-7.247698,72.45145,RFB,Immature Basic 1,2022-02-10T06:07:00Z,2022-02-23T14:51:37Z,74.624,-7.687
229275,2022-02-12T00:57:16Z,0,-7.633,74.615,2022-02-12,2022,GY02216,1,-7.247698,72.45145,RFB,Immature Basic 1,2022-02-10T06:07:00Z,2022-02-23T14:51:37Z,74.615,-7.633
229275,2022-02-12T01:10:45Z,3,-7.648,74.547,2022-02-12,2022,GY02216,1,-7.247698,72.45145,RFB,Immature Basic 1,2022-02-10T06:07:00Z,2022-02-23T14:51:37Z,74.547,-7.648
229275,2022-02-12T01:55:11Z,0,-7.641,74.593,2022-02-12,2022,GY02216,1,-7.247698,72.45145,RFB,Immature Basic 1,2022-02-10T06:07:00Z,2022-02-23T14:51:37Z,74.593,-7.641
229275,2022-02-12T02:39:02Z,0,-7.429,74.68,2022-02-12,2022,GY02216,1,-7.247698,72.45145,RFB,Immature Basic 1,2022-02-10T06:07:00Z,2022-02-23T14:51:37Z,74.68,-7.429
229275,2022-02-12T03:35:52Z,0,-7.315,74.664,2022-02-12,2022,GY02216,1,-7.247698,72.45145,RFB,Immature Basic 1,2022-02-10T06:07:00Z,2022-02-23T14:51:37Z,74.664,-7.315
229275,2022-02-12T04:00:27Z,A,-7.286,74.62,2022-02-12,2022,GY02216,1,-7.247698,72.45145,RFB,Immature Basic 1,2022-02-10T06:07:00Z,2022-02-23T14:51:37Z,74.62,-7.286
229275,2022-02-12T04:33:07Z,0,-7.251,74.428,2022-02-12,2022,GY02216,1,-7.247698,72.45145,RFB,Immature Basic 1,2022-02-10T06:07:00Z,2022-02-23T14:51:37Z,74.428,-7.251
229275,2022-02-12T05:18:54Z,B,-7.267,74.599,2022-02-12,2022,GY02216,1,-7.247698,72.45145,RFB,Immature Basic 1,2022-02-10T06:07:00Z,2022-02-23T14:51:37Z,74.599,-7.267
229275,2022-02-12T05:36:56Z,1,-7.245,74.57,2022-02-12,2022,GY02216,1,-7.247698,72.45145,RFB,Immature Basic 1,2022-02-10T06:07:00Z,2022-02-23T14:51:37Z,74.57,-7.245
229275,2022-02-13T00:34:48Z,1,-3.137,90.673,2022-02-13,2022,GY02216,1,-7.247698,72.45145,RFB,Immature Basic 1,2022-02-10T06:07:00Z,2022-02-23T14:51:37Z,73.117,-7.065
229275,2022-02-13T00:57:28Z,0,-7.054,73.103,2022-02-13,2022,GY02216,1,-7.247698,72.45145,RFB,Immature Basic 1,2022-02-10T06:07:00Z,2022-02-23T14:51:37Z,73.103,-7.054
229275,2022-02-13T01:29:58Z,A,-7.053,73.023,2022-02-13,2022,GY02216,1,-7.247698,72.45145,RFB,Immature Basic 1,2022-02-10T06:07:00Z,2022-02-23T14:51:37Z,73.023,-7.053
229275,2022-02-13T01:52:12Z,2,-7.066,73.006,2022-02-13,2022,GY02216,1,-7.247698,72.45145,RFB,Immature Basic 1,2022-02-10T06:07:00Z,2022-02-23T14:51:37Z,73.006,-7.066
229275,2022-02-13T02:07:17Z,1,-7.037,72.987,2022-02-13,2022,GY02216,1,-7.247698,72.45145,RFB,Immature Basic 1,2022-02-10T06:07:00Z,2022-02-23T14:51:37Z,72.987,-7.037
229275,2022-02-13T03:12:58Z,1,-7.207,72.823,2022-02-13,2022,GY02216,1,-7.247698,72.45145,RFB,Immature Basic 1,2022-02-10T06:07:00Z,2022-02-23T14:51:37Z,72.823,-7.207
229275,2022-02-13T03:24:57Z,1,-7.22,72.732,2022-02-13,2022,GY02216,1,-7.247698,72.45145,RFB,Immature Basic 1,2022-02-10T06:07:00Z,2022-02-23T14:51:37Z,72.732,-7.22
229275,2022-02-13T03:51:05Z,B,-7.243,72.726,2022-02-13,2022,GY02216,1,-7.247698,72.45145,RFB,Immature Basic 1,2022-02-10T06:07:00Z,2022-02-23T14:51:37Z,72.726,-7.243
229275,2022-02-13T04:11:01Z,1,-7.266,72.553,2022-02-13,2022,GY02216,1,-7.247698,72.45145,RFB,Immature Basic 1,2022-02-10T06:07:00Z,2022-02-23T14:51:37Z,72.553,-7.266
229275,2022-02-13T04:49:54Z,A,-7.292,72.526,2022-02-13,2022,GY02216,1,-7.247698,72.45145,RFB,Immature Basic 1,2022-02-10T06:07:00Z,2022-02-23T14:51:37Z,72.526,-7.292
229275,2022-02-13T05:24:41Z,1,-7.293,72.488,2022-02-13,2022,GY02216,1,-7.247698,72.45145,RFB,Immature Basic 1,2022-02-10T06:07:00Z,2022-02-23T14:51:37Z,72.488,-7.293
229275,2022-02-13T05:47:46Z,2,-7.276,72.483,2022-02-13,2022,GY02216,1,-7.247698,72.45145,RFB,Immature Basic 1,2022-02-10T06:07:00Z,2022-02-23T14:51:37Z,72.483,-7.276
229275,2022-02-13T11:26:15Z,A,-7.18,72.431,2022-02-13,2022,GY02216,1,-7.247698,72.45145,RFB,Immature Basic 1,2022-02-10T06:07:00Z,2022-02-23T14:51:37Z,72.431,-7.18
229275,2022-02-14T12:39:45Z,1,-6.901,72.628,2022-02-14,2022,GY02216,1,-7.247698,72.45145,RFB,Immature Basic 1,2022-02-10T06:07:00Z,2022-02-23T14:51:37Z,72.628,-6.901
229275,2022-02-14T13:35:56Z,B,-6.952,72.614,2022-02-14,2022,GY02216,1,-7.247698,72.45145,RFB,Immature Basic 1,2022-02-10T06:07:00Z,2022-02-23T14:51:37Z,72.614,-6.952
229275,2022-02-14T14:13:26Z,B,-7.092,72.546,2022-02-14,2022,GY02216,1,-7.247698,72.45145,RFB,Immature Basic 1,2022-02-10T06:07:00Z,2022-02-23T14:51:37Z,72.546,-7.092
229275,2022-02-14T15:15:07Z,A,-7.226,72.42,2022-02-14,2022,GY02216,1,-7.247698,72.45145,RFB,Immature Basic 1,2022-02-10T06:07:00Z,2022-02-23T14:51:37Z,72.42,-7.226
229275,2022-02-14T15:55:17Z,0,-7.23,72.424,2022-02-14,2022,GY02216,1,-7.247698,72.45145,RFB,Immature Basic 1,2022-02-10T06:07:00Z,2022-02-23T14:51:37Z,72.424,-7.23
229275,2022-02-14T16:24:27Z,3,-7.227,72.413,2022-02-14,2022,GY02216,1,-7.247698,72.45145,RFB,Immature Basic 1,2022-02-10T06:07:00Z,2022-02-23T14:51:37Z,72.413,-7.227
229275,2022-02-14T17:53:28Z,B,-7.271,72.397,2022-02-14,2022,GY02216,1,-7.247698,72.45145,RFB,Immature Basic 1,2022-02-10T06:07:00Z,2022-02-23T14:51:37Z,72.397,-7.271
229275,2022-02-14T18:00:03Z,B,-7.272,72.396,2022-02-14,2022,GY02216,1,-7.247698,72.45145,RFB,Immature Basic 1,2022-02-10T06:07:00Z,2022-02-23T14:51:37Z,72.396,-7.272
229275,2022-02-15T12:10:55Z,B,-7.138,72.665,2022-02-15,2022,GY02216,1,-7.247698,72.45145,RFB,Immature Basic 1,2022-02-10T06:07:00Z,2022-02-23T14:51:37Z,72.665,-7.138
229275,2022-02-15T13:41:23Z,0,-7.04,72.636,2022-02-15,2022,GY02216,1,-7.247698,72.45145,RFB,Immature Basic 1,2022-02-10T06:07:00Z,2022-02-23T14:51:37Z,72.636,-7.04
229275,2022-02-15T13:55:13Z,A,-7.143,72.566,2022-02-15,2022,GY02216,1,-7.247698,72.45145,RFB,Immature Basic 1,2022-02-10T06:07:00Z,2022-02-23T14:51:37Z,72.566,-7.143
229275,2022-02-15T14:02:41Z,0,-7.136,72.573,2022-02-15,2022,GY02216,1,-7.247698,72.45145,RFB,Immature Basic 1,2022-02-10T06:07:00Z,2022-02-23T14:51:37Z,72.573,-7.136
229275,2022-02-15T14:51:38Z,1,-7.233,72.481,2022-02-15,2022,GY02216,1,-7.247698,72.45145,RFB,Immature Basic 1,2022-02-10T06:07:00Z,2022-02-23T14:51:37Z,72.481,-7.233
229275,2022-02-15T15:43:47Z,2,-7.242,72.458,2022-02-15,2022,GY02216,1,-7.247698,72.45145,RFB,Immature Basic 1,2022-02-10T06:07:00Z,2022-02-23T14:51:37Z,72.458,-7.242
229275,2022-02-15T16:30:43Z,0,-7.269,72.457,2022-02-15,2022,GY02216,1,-7.247698,72.45145,RFB,Immature Basic 1,2022-02-10T06:07:00Z,2022-02-23T14:51:37Z,72.457,-7.269
229275,2022-02-15T16:49:09Z,A,-7.241,72.459,2022-02-15,2022,GY02216,1,-7.247698,72.45145,RFB,Immature Basic 1,2022-02-10T06:07:00Z,2022-02-23T14:51:37Z,72.459,-7.241
229275,2022-02-15T17:39:52Z,3,-7.245,72.45,2022-02-15,2022,GY02216,1,-7.247698,72.45145,RFB,Immature Basic 1,2022-02-10T06:07:00Z,2022-02-23T14:51:37Z,72.45,-7.245
229275,2022-02-15T17:42:10Z,3,-7.245,72.454,2022-02-15,2022,GY02216,1,-7.247698,72.45145,RFB,Immature Basic 1,2022-02-10T06:07:00Z,2022-02-23T14:51:37Z,72.454,-7.245
229275,2022-02-16T01:10:19Z,A,-7.398,72.614,2022-02-16,2022,GY02216,1,-7.247698,72.45145,RFB,Immature Basic 1,2022-02-10T06:07:00Z,2022-02-23T14:51:37Z,72.614,-7.398
229275,2022-02-16T01:46:26Z,A,-7.032,72.597,2022-02-16,2022,GY02216,1,-7.247698,72.45145,RFB,Immature Basic 1,2022-02-10T06:07:00Z,2022-02-23T14:51:37Z,72.597,-7.032
229275,2022-02-16T02:14:07Z,1,-6.907,72.72,2022-02-16,2022,GY02216,1,-7.247698,72.45145,RFB,Immature Basic 1,2022-02-10T06:07:00Z,2022-02-23T14:51:37Z,72.72,-6.907
229275,2022-02-16T02:54:37Z,1,-6.709,72.71,2022-02-16,2022,GY02216,1,-7.247698,72.45145,RFB,Immature Basic 1,2022-02-10T06:07:00Z,2022-02-23T14:51:37Z,72.71,-6.709
229275,2022-02-16T03:03:50Z,B,-6.702,72.7,2022-02-16,2022,GY02216,1,-7.247698,72.45145,RFB,Immature Basic 1,2022-02-10T06:07:00Z,2022-02-23T14:51:37Z,72.7,-6.702
229275,2022-02-16T03:35:57Z,0,-6.489,72.833,2022-02-16,2022,GY02216,1,-7.247698,72.45145,RFB,Immature Basic 1,2022-02-10T06:07:00Z,2022-02-23T14:51:37Z,72.833,-6.489
229275,2022-02-16T03:50:46Z,B,-6.501,72.87,2022-02-16,2022,GY02216,1,-7.247698,72.45145,RFB,Immature Basic 1,2022-02-10T06:07:00Z,2022-02-23T14:51:37Z,72.87,-6.501
229275,2022-02-16T04:47:07Z,0,-6.353,73.009,2022-02-16,2022,GY02216,1,-7.247698,72.45145,RFB,Immature Basic 1,2022-02-10T06:07:00Z,2022-02-23T14:51:37Z,73.009,-6.353
229275,2022-02-16T05:33:46Z,B,-6.239,73.029,2022-02-16,2022,GY02216,1,-7.247698,72.45145,RFB,Immature Basic 1,2022-02-10T06:07:00Z,2022-02-23T14:51:37Z,73.029,-6.239
229275,2022-02-16T06:25:22Z,B,-6.119,73.084,2022-02-16,2022,GY02216,1,-7.247698,72.45145,RFB,Immature Basic 1,2022-02-10T06:07:00Z,2022-02-23T14:51:37Z,73.084,-6.119
229275,2022-02-17T00:04:30Z,B,-6.379,73.01,2022-02-17,2022,GY02216,1,-7.247698,72.45145,RFB,Immature Basic 1,2022-02-10T06:07:00Z,2022-02-23T14:51:37Z,73.01,-6.379
229275,2022-02-17T01:31:29Z,A,-10.012,55.001,2022-02-17,2022,GY02216,1,-7.247698,72.45145,RFB,Immature Basic 1,2022-02-10T06:07:00Z,2022-02-23T14:51:37Z,74.184,-6.249
229275,2022-02-17T01:43:11Z,1,-6.24,74.26,2022-02-17,2022,GY02216,1,-7.247698,72.45145,RFB,Immature Basic 1,2022-02-10T06:07:00Z,2022-02-23T14:51:37Z,74.26,-6.24
229275,2022-02-17T02:35:31Z,0,-6.284,74.203,2022-02-17,2022,GY02216,1,-7.247698,72.45145,RFB,Immature Basic 1,2022-02-10T06:07:00Z,2022-02-23T14:51:37Z,74.203,-6.284
229275,2022-02-17T03:12:11Z,1,-6.295,74.193,2022-02-17,2022,GY02216,1,-7.247698,72.45145,RFB,Immature Basic 1,2022-02-10T06:07:00Z,2022-02-23T14:51:37Z,74.193,-6.295
229275,2022-02-17T04:27:42Z,1,-6.296,74.165,2022-02-17,2022,GY02216,1,-7.247698,72.45145,RFB,Immature Basic 1,2022-02-10T06:07:00Z,2022-02-23T14:51:37Z,74.165,-6.296
229275,2022-02-17T04:45:17Z,0,-6.317,74.203,2022-02-17,2022,GY02216,1,-7.247698,72.45145,RFB,Immature Basic 1,2022-02-10T06:07:00Z,2022-02-23T14:51:37Z,74.203,-6.317
229275,2022-02-17T05:14:47Z,A,-6.332,74.306,2022-02-17,2022,GY02216,1,-7.247698,72.45145,RFB,Immature Basic 1,2022-02-10T06:07:00Z,2022-02-23T14:51:37Z,74.306,-6.332
229275,2022-02-17T11:49:38Z,B,-6.429,74.224,2022-02-17,2022,GY02216,1,-7.247698,72.45145,RFB,Immature Basic 1,2022-02-10T06:07:00Z,2022-02-23T14:51:37Z,74.224,-6.429
229275,2022-02-18T11:35:51Z,B,-7.018,73.92,2022-02-18,2022,GY02216,1,-7.247698,72.45145,RFB,Immature Basic 1,2022-02-10T06:07:00Z,2022-02-23T14:51:37Z,73.92,-7.018
229275,2022-02-18T13:10:42Z,1,-7.348,73.015,2022-02-18,2022,GY02216,1,-7.247698,72.45145,RFB,Immature Basic 1,2022-02-10T06:07:00Z,2022-02-23T14:51:37Z,73.015,-7.348
229275,2022-02-18T13:33:24Z,B,-7.386,72.985,2022-02-18,2022,GY02216,1,-7.247698,72.45145,RFB,Immature Basic 1,2022-02-10T06:07:00Z,2022-02-23T14:51:37Z,72.985,-7.386
229275,2022-02-18T15:07:21Z,2,-7.376,72.491,2022-02-18,2022,GY02216,1,-7.247698,72.45145,RFB,Immature Basic 1,2022-02-10T06:07:00Z,2022-02-23T14:51:37Z,72.491,-7.376
229275,2022-02-18T15:15:31Z,3,-7.379,72.483,2022-02-18,2022,GY02216,1,-7.247698,72.45145,RFB,Immature Basic 1,2022-02-10T06:07:00Z,2022-02-23T14:51:37Z,72.483,-7.379
229275,2022-02-18T16:37:24Z,2,-7.38,72.471,2022-02-18,2022,GY02216,1,-7.247698,72.45145,RFB,Immature Basic 1,2022-02-10T06:07:00Z,2022-02-23T14:51:37Z,72.471,-7.38
229275,2022-02-18T17:06:25Z,3,-7.378,72.478,2022-02-18,2022,GY02216,1,-7.247698,72.45145,RFB,Immature Basic 1,2022-02-10T06:07:00Z,2022-02-23T14:51:37Z,72.478,-7.378
229275,2022-02-18T18:18:14Z,2,-7.38,72.482,2022-02-18,2022,GY02216,1,-7.247698,72.45145,RFB,Immature Basic 1,2022-02-10T06:07:00Z,2022-02-23T14:51:37Z,72.482,-7.38
229275,2022-02-19T12:55:09Z,2,-7.272,72.472,2022-02-19,2022,GY02216,1,-7.247698,72.45145,RFB,Immature Basic 1,2022-02-10T06:07:00Z,2022-02-23T14:51:37Z,72.472,-7.272
229275,2022-02-19T13:13:29Z,B,-7.27,72.457,2022-02-19,2022,GY02216,1,-7.247698,72.45145,RFB,Immature Basic 1,2022-02-10T06:07:00Z,2022-02-23T14:51:37Z,72.457,-7.27
229275,2022-02-19T14:51:19Z,2,-7.271,72.472,2022-02-19,2022,GY02216,1,-7.247698,72.45145,RFB,Immature Basic 1,2022-02-10T06:07:00Z,2022-02-23T14:51:37Z,72.472,-7.271
229275,2022-02-19T14:54:50Z,3,-7.272,72.468,2022-02-19,2022,GY02216,1,-7.247698,72.45145,RFB,Immature Basic 1,2022-02-10T06:07:00Z,2022-02-23T14:51:37Z,72.468,-7.272
229275,2022-02-19T16:18:54Z,3,-7.273,72.464,2022-02-19,2022,GY02216,1,-7.247698,72.45145,RFB,Immature Basic 1,2022-02-10T06:07:00Z,2022-02-23T14:51:37Z,72.464,-7.273
229275,2022-02-19T16:57:05Z,A,-7.274,72.458,2022-02-19,2022,GY02216,1,-7.247698,72.45145,RFB,Immature Basic 1,2022-02-10T06:07:00Z,2022-02-23T14:51:37Z,72.458,-7.274
229275,2022-02-19T17:05:49Z,B,-7.281,72.452,2022-02-19,2022,GY02216,1,-7.247698,72.45145,RFB,Immature Basic 1,2022-02-10T06:07:00Z,2022-02-23T14:51:37Z,72.452,-7.281
229275,2022-02-19T17:59:57Z,B,-7.277,72.466,2022-02-19,2022,GY02216,1,-7.247698,72.45145,RFB,Immature Basic 1,2022-02-10T06:07:00Z,2022-02-23T14:51:37Z,72.466,-7.277
229275,2022-02-20T00:10:56Z,3,-7.273,72.466,2022-02-20,2022,GY02216,1,-7.247698,72.45145,RFB,Immature Basic 1,2022-02-10T06:07:00Z,2022-02-23T14:51:37Z,72.466,-7.273
229275,2022-02-20T00:44:31Z,3,-7.273,72.464,2022-02-20,2022,GY02216,1,-7.247698,72.45145,RFB,Immature Basic 1,2022-02-10T06:07:00Z,2022-02-23T14:51:37Z,72.464,-7.273
229275,2022-02-20T01:50:16Z,1,-7.135,72.661,2022-02-20,2022,GY02216,1,-7.247698,72.45145,RFB,Immature Basic 1,2022-02-10T06:07:00Z,2022-02-23T14:51:37Z,72.661,-7.135
229275,2022-02-20T01:54:09Z,0,-7.117,72.692,2022-02-20,2022,GY02216,1,-7.247698,72.45145,RFB,Immature Basic 1,2022-02-10T06:07:00Z,2022-02-23T14:51:37Z,72.692,-7.117
229275,2022-02-20T02:06:56Z,0,-7.065,72.756,2022-02-20,2022,GY02216,1,-7.247698,72.45145,RFB,Immature Basic 1,2022-02-10T06:07:00Z,2022-02-23T14:51:37Z,72.756,-7.065
229275,2022-02-20T03:22:21Z,B,-7.065,73.134,2022-02-20,2022,GY02216,1,-7.247698,72.45145,RFB,Immature Basic 1,2022-02-10T06:07:00Z,2022-02-23T14:51:37Z,73.134,-7.065
229275,2022-02-20T03:41:53Z,B,-6.832,73.15,2022-02-20,2022,GY02216,1,-7.247698,72.45145,RFB,Immature Basic 1,2022-02-10T06:07:00Z,2022-02-23T14:51:37Z,73.15,-6.832
229275,2022-02-20T05:04:12Z,0,-6.613,73.642,2022-02-20,2022,GY02216,1,-7.247698,72.45145,RFB,Immature Basic 1,2022-02-10T06:07:00Z,2022-02-23T14:51:37Z,73.642,-6.613
229275,2022-02-20T05:40:47Z,0,-6.585,73.859,2022-02-20,2022,GY02216,1,-7.247698,72.45145,RFB,Immature Basic 1,2022-02-10T06:07:00Z,2022-02-23T14:51:37Z,73.859,-6.585
229275,2022-02-21T01:19:19Z,0,-6.61,74.249,2022-02-21,2022,GY02216,1,-7.247698,72.45145,RFB,Immature Basic 1,2022-02-10T06:07:00Z,2022-02-23T14:51:37Z,74.249,-6.61
229275,2022-02-21T01:59:43Z,1,-6.551,74.217,2022-02-21,2022,GY02216,1,-7.247698,72.45145,RFB,Immature Basic 1,2022-02-10T06:07:00Z,2022-02-23T14:51:37Z,74.217,-6.551
229275,2022-02-21T03:02:38Z,B,-6.497,74.277,2022-02-21,2022,GY02216,1,-7.247698,72.45145,RFB,Immature Basic 1,2022-02-10T06:07:00Z,2022-02-23T14:51:37Z,74.277,-6.497
229275,2022-02-21T03:35:38Z,B,-6.496,74.522,2022-02-21,2022,GY02216,1,-7.247698,72.45145,RFB,Immature Basic 1,2022-02-10T06:07:00Z,2022-02-23T14:51:37Z,74.522,-6.496
229275,2022-02-21T04:43:23Z,1,-6.512,74.285,2022-02-21,2022,GY02216,1,-7.247698,72.45145,RFB,Immature Basic 1,2022-02-10T06:07:00Z,2022-02-23T14:51:37Z,74.285,-6.512
229275,2022-02-21T05:34:15Z,1,-6.518,74.318,2022-02-21,2022,GY02216,1,-7.247698,72.45145,RFB,Immature Basic 1,2022-02-10T06:07:00Z,2022-02-23T14:51:37Z,74.318,-6.518
229275,2022-02-22T16:58:30Z,B,-6.958,73.892,2022-02-22,2022,GY02216,1,-7.247698,72.45145,RFB,Immature Basic 1,2022-02-10T06:07:00Z,2022-02-23T14:51:37Z,73.892,-6.958
229276,2022-02-10T12:05:55Z,2,-7.225,72.418,2022-02-10,2022,GY02215,1,-7.250352,72.451638,RFB,Immature Basic 2,2022-02-10T05:18:00Z,2022-02-26T17:13:26Z,72.418,-7.225
229276,2022-02-10T13:03:49Z,0,-7.23,72.44,2022-02-10,2022,GY02215,1,-7.250352,72.451638,RFB,Immature Basic 2,2022-02-10T05:18:00Z,2022-02-26T17:13:26Z,72.44,-7.23
229276,2022-02-10T13:37:06Z,B,-7.228,72.441,2022-02-10,2022,GY02215,1,-7.250352,72.451638,RFB,Immature Basic 2,2022-02-10T05:18:00Z,2022-02-26T17:13:26Z,72.441,-7.228
229276,2022-02-10T14:41:39Z,B,-7.229,72.417,2022-02-10,2022,GY02215,1,-7.250352,72.451638,RFB,Immature Basic 2,2022-02-10T05:18:00Z,2022-02-26T17:13:26Z,72.417,-7.229
229276,2022-02-10T15:01:35Z,3,-7.225,72.42,2022-02-10,2022,GY02215,1,-7.250352,72.451638,RFB,Immature Basic 2,2022-02-10T05:18:00Z,2022-02-26T17:13:26Z,72.42,-7.225
229276,2022-02-10T15:16:15Z,3,-7.226,72.42,2022-02-10,2022,GY02215,1,-7.250352,72.451638,RFB,Immature Basic 2,2022-02-10T05:18:00Z,2022-02-26T17:13:26Z,72.42,-7.226
229276,2022-02-10T16:04:56Z,3,-7.225,72.421,2022-02-10,2022,GY02215,1,-7.250352,72.451638,RFB,Immature Basic 2,2022-02-10T05:18:00Z,2022-02-26T17:13:26Z,72.421,-7.225
229276,2022-02-10T16:49:37Z,B,-7.224,72.422,2022-02-10,2022,GY02215,1,-7.250352,72.451638,RFB,Immature Basic 2,2022-02-10T05:18:00Z,2022-02-26T17:13:26Z,72.422,-7.224
229276,2022-02-10T17:01:24Z,3,-7.226,72.416,2022-02-10,2022,GY02215,1,-7.250352,72.451638,RFB,Immature Basic 2,2022-02-10T05:18:00Z,2022-02-26T17:13:26Z,72.416,-7.226
229276,2022-02-10T17:45:38Z,0,-7.211,72.422,2022-02-10,2022,GY02215,1,-7.250352,72.451638,RFB,Immature Basic 2,2022-02-10T05:18:00Z,2022-02-26T17:13:26Z,72.422,-7.211
229276,2022-02-11T12:28:39Z,2,-7.224,72.414,2022-02-11,2022,GY02215,1,-7.250352,72.451638,RFB,Immature Basic 2,2022-02-10T05:18:00Z,2022-02-26T17:13:26Z,72.414,-7.224
229276,2022-02-11T13:23:32Z,1,-7.232,72.422,2022-02-11,2022,GY02215,1,-7.250352,72.451638,RFB,Immature Basic 2,2022-02-10T05:18:00Z,2022-02-26T17:13:26Z,72.422,-7.232
229276,2022-02-11T14:11:57Z,A,-7.236,72.427,2022-02-11,2022,GY02215,1,-7.250352,72.451638,RFB,Immature Basic 2,2022-02-10T05:18:00Z,2022-02-26T17:13:26Z,72.427,-7.236
229276,2022-02-11T14:49:50Z,3,-7.228,72.412,2022-02-11,2022,GY02215,1,-7.250352,72.451638,RFB,Immature Basic 2,2022-02-10T05:18:00Z,2022-02-26T17:13:26Z,72.412,-7.228
229276,2022-02-11T14:53:11Z,2,-7.229,72.408,2022-02-11,2022,GY02215,1,-7.250352,72.451638,RFB,Immature Basic 2,2022-02-10T05:18:00Z,2022-02-26T17:13:26Z,72.408,-7.229
229276,2022-02-11T15:44:39Z,B,-7.224,72.407,2022-02-11,2022,GY02215,1,-7.250352,72.451638,RFB,Immature Basic 2,2022-02-10T05:18:00Z,2022-02-26T17:13:26Z,72.407,-7.224
229276,2022-02-11T16:29:05Z,B,-7.22,72.403,2022-02-11,2022,GY02215,1,-7.250352,72.451638,RFB,Immature Basic 2,2022-02-10T05:18:00Z,2022-02-26T17:13:26Z,72.403,-7.22
229276,2022-02-11T16:32:36Z,A,-7.226,72.405,2022-02-11,2022,GY02215,1,-7.250352,72.451638,RFB,Immature Basic 2,2022-02-10T05:18:00Z,2022-02-26T17:13:26Z,72.405,-7.226
229276,2022-02-11T16:53:06Z,3,-7.227,72.405,2022-02-11,2022,GY02215,1,-7.250352,72.451638,RFB,Immature Basic 2,2022-02-10T05:18:00Z,2022-02-26T17:13:26Z,72.405,-7.227
229276,2022-02-11T17:23:31Z,3,-7.229,72.411,2022-02-11,2022,GY02215,1,-7.250352,72.451638,RFB,Immature Basic 2,2022-02-10T05:18:00Z,2022-02-26T17:13:26Z,72.411,-7.229
229276,2022-02-12T00:58:51Z,0,-7.226,72.4,2022-02-12,2022,GY02215,1,-7.250352,72.451638,RFB,Immature Basic 2,2022-02-10T05:18:00Z,2022-02-26T17:13:26Z,72.4,-7.226
229276,2022-02-12T01:10:50Z,3,-7.24,72.396,2022-02-12,2022,GY02215,1,-7.250352,72.451638,RFB,Immature Basic 2,2022-02-10T05:18:00Z,2022-02-26T17:13:26Z,72.396,-7.24
229276,2022-02-12T01:56:37Z,1,-7.374,72.247,2022-02-12,2022,GY02215,1,-7.250352,72.451638,RFB,Immature Basic 2,2022-02-10T05:18:00Z,2022-02-26T17:13:26Z,72.247,-7.374
229276,2022-02-12T02:03:17Z,0,-7.384,72.278,2022-02-12,2022,GY02215,1,-7.250352,72.451638,RFB,Immature Basic 2,2022-02-10T05:18:00Z,2022-02-26T17:13:26Z,72.278,-7.384
229276,2022-02-12T02:38:50Z,A,-7.538,72.12,2022-02-12,2022,GY02215,1,-7.250352,72.451638,RFB,Immature Basic 2,2022-02-10T05:18:00Z,2022-02-26T17:13:26Z,72.12,-7.538
229276,2022-02-12T03:31:17Z,B,-7.786,72.007,2022-02-12,2022,GY02215,1,-7.250352,72.451638,RFB,Immature Basic 2,2022-02-10T05:18:00Z,2022-02-26T17:13:26Z,72.007,-7.786
229276,2022-02-12T04:04:01Z,B,-7.79,72.079,2022-02-12,2022,GY02215,1,-7.250352,72.451638,RFB,Immature Basic 2,2022-02-10T05:18:00Z,2022-02-26T17:13:26Z,72.079,-7.79
229276,2022-02-12T04:31:46Z,0,-7.951,71.973,2022-02-12,2022,GY02215,1,-7.250352,72.451638,RFB,Immature Basic 2,2022-02-10T05:18:00Z,2022-02-26T17:13:26Z,71.973,-7.951
229276,2022-02-12T05:18:40Z,A,-8.095,72.08,2022-02-12,2022,GY02215,1,-7.250352,72.451638,RFB,Immature Basic 2,2022-02-10T05:18:00Z,2022-02-26T17:13:26Z,72.08,-8.095
229276,2022-02-12T05:33:39Z,2,-8.081,72.006,2022-02-12,2022,GY02215,1,-7.250352,72.451638,RFB,Immature Basic 2,2022-02-10T05:18:00Z,2022-02-26T17:13:26Z,72.006,-8.081
229276,2022-02-13T00:28:08Z,2,-5.106,91.845,2022-02-13,2022,GY02215,1,-7.250352,72.451638,RFB,Immature Basic 2,2022-02-10T05:18:00Z,2022-02-26T17:13:26Z,72.925,-9.342
229276,2022-02-13T00:57:01Z,1,-9.407,72.915,2022-02-13,2022,GY02215,1,-7.250352,72.451638,RFB,Immature Basic 2,2022-02-10T05:18:00Z,2022-02-26T17:13:26Z,72.915,-9.407
229276,2022-02-13T01:33:29Z,0,-9.49,73.039,2022-02-13,2022,GY02215,1,-7.250352,72.451638,RFB,Immature Basic 2,2022-02-10T05:18:00Z,2022-02-26T17:13:26Z,73.039,-9.49
229276,2022-02-13T01:52:40Z,1,-9.572,72.956,2022-02-13,2022,GY02215,1,-7.250352,72.451638,RFB,Immature Basic 2,2022-02-10T05:18:00Z,2022-02-26T17:13:26Z,72.956,-9.572
229276,2022-02-13T02:07:15Z,1,-9.689,72.957,2022-02-13,2022,GY02215,1,-7.250352,72.451638,RFB,Immature Basic 2,2022-02-10T05:18:00Z,2022-02-26T17:13:26Z,72.957,-9.689
229276,2022-02-13T03:12:32Z,2,-9.559,73.128,2022-02-13,2022,GY02215,1,-7.250352,72.451638,RFB,Immature Basic 2,2022-02-10T05:18:00Z,2022-02-26T17:13:26Z,73.128,-9.559
229276,2022-02-13T03:25:54Z,1,-9.546,73.129,2022-02-13,2022,GY02215,1,-7.250352,72.451638,RFB,Immature Basic 2,2022-02-10T05:18:00Z,2022-02-26T17:13:26Z,73.129,-9.546
229276,2022-02-13T03:50:05Z,1,-9.55,73.076,2022-02-13,2022,GY02215,1,-7.250352,72.451638,RFB,Immature Basic 2,2022-02-10T05:18:00Z,2022-02-26T17:13:26Z,73.076,-9.55
229276,2022-02-13T04:12:18Z,1,-9.571,73.081,2022-02-13,2022,GY02215,1,-7.250352,72.451638,RFB,Immature Basic 2,2022-02-10T05:18:00Z,2022-02-26T17:13:26Z,73.081,-9.571
229276,2022-02-13T04:58:32Z,1,-9.506,73.037,2022-02-13,2022,GY02215,1,-7.250352,72.451638,RFB,Immature Basic 2,2022-02-10T05:18:00Z,2022-02-26T17:13:26Z,73.037,-9.506
229276,2022-02-13T05:25:18Z,1,-9.488,73.054,2022-02-13,2022,GY02215,1,-7.250352,72.451638,RFB,Immature Basic 2,2022-02-10T05:18:00Z,2022-02-26T17:13:26Z,73.054,-9.488
229276,2022-02-13T05:48:35Z,0,-9.495,73.047,2022-02-13,2022,GY02215,1,-7.250352,72.451638,RFB,Immature Basic 2,2022-02-10T05:18:00Z,2022-02-26T17:13:26Z,73.047,-9.495
229276,2022-02-13T11:30:30Z,0,-9.319,72.8,2022-02-13,2022,GY02215,1,-7.250352,72.451638,RFB,Immature Basic 2,2022-02-10T05:18:00Z,2022-02-26T17:13:26Z,72.8,-9.319
229276,2022-02-18T11:37:31Z,B,-15.105,107.944,2022-02-18,2022,GY02215,1,-7.250352,72.451638,RFB,Immature Basic 2,2022-02-10T05:18:00Z,2022-02-26T17:13:26Z,72.368,-8.255
229276,2022-02-18T12:10:57Z,0,-8.157,72.365,2022-02-18,2022,GY02215,1,-7.250352,72.451638,RFB,Immature Basic 2,2022-02-10T05:18:00Z,2022-02-26T17:13:26Z,72.365,-8.157
229276,2022-02-18T13:09:53Z,1,-7.846,72.301,2022-02-18,2022,GY02215,1,-7.250352,72.451638,RFB,Immature Basic 2,2022-02-10T05:18:00Z,2022-02-26T17:13:26Z,72.301,-7.846
229276,2022-02-18T13:28:29Z,0,-7.806,72.315,2022-02-18,2022,GY02215,1,-7.250352,72.451638,RFB,Immature Basic 2,2022-02-10T05:18:00Z,2022-02-26T17:13:26Z,72.315,-7.806
229276,2022-02-18T13:36:28Z,B,-7.805,72.294,2022-02-18,2022,GY02215,1,-7.250352,72.451638,RFB,Immature Basic 2,2022-02-10T05:18:00Z,2022-02-26T17:13:26Z,72.294,-7.805
229276,2022-02-18T15:08:06Z,0,-7.289,72.372,2022-02-18,2022,GY02215,1,-7.250352,72.451638,RFB,Immature Basic 2,2022-02-10T05:18:00Z,2022-02-26T17:13:26Z,72.372,-7.289
229276,2022-02-18T15:15:39Z,1,-7.256,72.402,2022-02-18,2022,GY02215,1,-7.250352,72.451638,RFB,Immature Basic 2,2022-02-10T05:18:00Z,2022-02-26T17:13:26Z,72.402,-7.256
229276,2022-02-18T16:37:56Z,1,-7.22,72.43,2022-02-18,2022,GY02215,1,-7.250352,72.451638,RFB,Immature Basic 2,2022-02-10T05:18:00Z,2022-02-26T17:13:26Z,72.43,-7.22
229276,2022-02-18T17:07:10Z,3,-7.228,72.41,2022-02-18,2022,GY02215,1,-7.250352,72.451638,RFB,Immature Basic 2,2022-02-10T05:18:00Z,2022-02-26T17:13:26Z,72.41,-7.228
229276,2022-02-19T12:55:45Z,2,-7.248,72.457,2022-02-19,2022,GY02215,1,-7.250352,72.451638,RFB,Immature Basic 2,2022-02-10T05:18:00Z,2022-02-26T17:13:26Z,72.457,-7.248
229276,2022-02-19T13:21:30Z,3,-7.25,72.453,2022-02-19,2022,GY02215,1,-7.250352,72.451638,RFB,Immature Basic 2,2022-02-10T05:18:00Z,2022-02-26T17:13:26Z,72.453,-7.25
229276,2022-02-19T14:50:35Z,3,-7.249,72.458,2022-02-19,2022,GY02215,1,-7.250352,72.451638,RFB,Immature Basic 2,2022-02-10T05:18:00Z,2022-02-26T17:13:26Z,72.458,-7.249
229276,2022-02-19T14:54:28Z,3,-7.25,72.455,2022-02-19,2022,GY02215,1,-7.250352,72.451638,RFB,Immature Basic 2,2022-02-10T05:18:00Z,2022-02-26T17:13:26Z,72.455,-7.25
229276,2022-02-19T16:19:25Z,3,-7.251,72.449,2022-02-19,2022,GY02215,1,-7.250352,72.451638,RFB,Immature Basic 2,2022-02-10T05:18:00Z,2022-02-26T17:13:26Z,72.449,-7.251
229276,2022-02-19T17:00:45Z,3,-7.25,72.45,2022-02-19,2022,GY02215,1,-7.250352,72.451638,RFB,Immature Basic 2,2022-02-10T05:18:00Z,2022-02-26T17:13:26Z,72.45,-7.25
229276,2022-02-19T18:00:01Z,B,-7.22,72.468,2022-02-19,2022,GY02215,1,-7.250352,72.451638,RFB,Immature Basic 2,2022-02-10T05:18:00Z,2022-02-26T17:13:26Z,72.468,-7.22
229276,2022-02-20T00:11:28Z,3,-7.25,72.451,2022-02-20,2022,GY02215,1,-7.250352,72.451638,RFB,Immature Basic 2,2022-02-10T05:18:00Z,2022-02-26T17:13:26Z,72.451,-7.25
229276,2022-02-20T00:45:44Z,A,-7.251,72.452,2022-02-20,2022,GY02215,1,-7.250352,72.451638,RFB,Immature Basic 2,2022-02-10T05:18:00Z,2022-02-26T17:13:26Z,72.452,-7.251
229276,2022-02-20T01:50:28Z,0,-7.116,72.642,2022-02-20,2022,GY02215,1,-7.250352,72.451638,RFB,Immature Basic 2,2022-02-10T05:18:00Z,2022-02-26T17:13:26Z,72.642,-7.116
229276,2022-02-20T02:06:55Z,1,-7.044,72.743,2022-02-20,2022,GY02215,1,-7.250352,72.451638,RFB,Immature Basic 2,2022-02-10T05:18:00Z,2022-02-26T17:13:26Z,72.743,-7.044
229276,2022-02-20T03:21:56Z,0,-6.903,73.008,2022-02-20,2022,GY02215,1,-7.250352,72.451638,RFB,Immature Basic 2,2022-02-10T05:18:00Z,2022-02-26T17:13:26Z,73.008,-6.903
229276,2022-02-20T04:07:28Z,A,-6.646,73.194,2022-02-20,2022,GY02215,1,-7.250352,72.451638,RFB,Immature Basic 2,2022-02-10T05:18:00Z,2022-02-26T17:13:26Z,73.194,-6.646
229276,2022-02-20T05:04:17Z,2,-6.635,73.154,2022-02-20,2022,GY02215,1,-7.250352,72.451638,RFB,Immature Basic 2,2022-02-10T05:18:00Z,2022-02-26T17:13:26Z,73.154,-6.635
229276,2022-02-20T05:46:37Z,0,-6.546,73.265,2022-02-20,2022,GY02215,1,-7.250352,72.451638,RFB,Immature Basic 2,2022-02-10T05:18:00Z,2022-02-26T17:13:26Z,73.265,-6.546
229276,2022-02-20T23:40:33Z,B,-5.959,74.249,2022-02-20,2022,GY02215,1,-7.250352,72.451638,RFB,Immature Basic 2,2022-02-10T05:18:00Z,2022-02-26T17:13:26Z,74.249,-5.959
229276,2022-02-21T00:29:44Z,1,-6.006,74.223,2022-02-21,2022,GY02215,1,-7.250352,72.451638,RFB,Immature Basic 2,2022-02-10T05:18:00Z,2022-02-26T17:13:26Z,74.223,-6.006
229276,2022-02-21T01:18:14Z,1,-5.936,74.246,2022-02-21,2022,GY02215,1,-7.250352,72.451638,RFB,Immature Basic 2,2022-02-10T05:18:00Z,2022-02-26T17:13:26Z,74.246,-5.936
229276,2022-02-21T01:27:22Z,0,-5.909,74.256,2022-02-21,2022,GY02215,1,-7.250352,72.451638,RFB,Immature Basic 2,2022-02-10T05:18:00Z,2022-02-26T17:13:26Z,74.256,-5.909
229276,2022-02-21T01:57:11Z,0,-5.758,74.315,2022-02-21,2022,GY02215,1,-7.250352,72.451638,RFB,Immature Basic 2,2022-02-10T05:18:00Z,2022-02-26T17:13:26Z,74.315,-5.758
229276,2022-02-21T03:01:08Z,B,-5.677,74.475,2022-02-21,2022,GY02215,1,-7.250352,72.451638,RFB,Immature Basic 2,2022-02-10T05:18:00Z,2022-02-26T17:13:26Z,74.475,-5.677
229276,2022-02-21T03:30:12Z,1,-5.782,74.318,2022-02-21,2022,GY02215,1,-7.250352,72.451638,RFB,Immature Basic 2,2022-02-10T05:18:00Z,2022-02-26T17:13:26Z,74.318,-5.782
229276,2022-02-21T04:44:26Z,0,-5.646,74.201,2022-02-21,2022,GY02215,1,-7.250352,72.451638,RFB,Immature Basic 2,2022-02-10T05:18:00Z,2022-02-26T17:13:26Z,74.201,-5.646
229276,2022-02-21T05:33:52Z,0,-5.385,74.185,2022-02-21,2022,GY02215,1,-7.250352,72.451638,RFB,Immature Basic 2,2022-02-10T05:18:00Z,2022-02-26T17:13:26Z,74.185,-5.385
229276,2022-02-21T12:16:54Z,0,-9.414,91.332,2022-02-21,2022,GY02215,1,-7.250352,72.451638,RFB,Immature Basic 2,2022-02-10T05:18:00Z,2022-02-26T17:13:26Z,74.587,-5.679
229276,2022-02-21T12:23:09Z,B,-5.678,74.586,2022-02-21,2022,GY02215,1,-7.250352,72.451638,RFB,Immature Basic 2,2022-02-10T05:18:00Z,2022-02-26T17:13:26Z,74.586,-5.678
229276,2022-02-22T11:49:33Z,B,-6.722,73.668,2022-02-22,2022,GY02215,1,-7.250352,72.451638,RFB,Immature Basic 2,2022-02-10T05:18:00Z,2022-02-26T17:13:26Z,73.668,-6.722
229276,2022-02-22T12:11:33Z,B,-6.737,73.594,2022-02-22,2022,GY02215,1,-7.250352,72.451638,RFB,Immature Basic 2,2022-02-10T05:18:00Z,2022-02-26T17:13:26Z,73.594,-6.737
229276,2022-02-22T13:42:01Z,A,-7.204,72.797,2022-02-22,2022,GY02215,1,-7.250352,72.451638,RFB,Immature Basic 2,2022-02-10T05:18:00Z,2022-02-26T17:13:26Z,72.797,-7.204
229276,2022-02-22T14:20:48Z,1,-7.284,72.548,2022-02-22,2022,GY02215,1,-7.250352,72.451638,RFB,Immature Basic 2,2022-02-10T05:18:00Z,2022-02-26T17:13:26Z,72.548,-7.284
229276,2022-02-22T15:13:40Z,3,-7.249,72.455,2022-02-22,2022,GY02215,1,-7.250352,72.451638,RFB,Immature Basic 2,2022-02-10T05:18:00Z,2022-02-26T17:13:26Z,72.455,-7.249
229276,2022-02-22T16:00:32Z,1,-7.259,72.453,2022-02-22,2022,GY02215,1,-7.250352,72.451638,RFB,Immature Basic 2,2022-02-10T05:18:00Z,2022-02-26T17:13:26Z,72.453,-7.259
229276,2022-02-22T16:06:47Z,B,-7.259,72.453,2022-02-22,2022,GY02215,1,-7.250352,72.451638,RFB,Immature Basic 2,2022-02-10T05:18:00Z,2022-02-26T17:13:26Z,72.453,-7.259
229276,2022-02-22T16:23:43Z,B,-7.246,72.45,2022-02-22,2022,GY02215,1,-7.250352,72.451638,RFB,Immature Basic 2,2022-02-10T05:18:00Z,2022-02-26T17:13:26Z,72.45,-7.246
229276,2022-02-22T16:55:04Z,3,-7.247,72.453,2022-02-22,2022,GY02215,1,-7.250352,72.451638,RFB,Immature Basic 2,2022-02-10T05:18:00Z,2022-02-26T17:13:26Z,72.453,-7.247
229276,2022-02-22T17:42:15Z,B,-7.254,72.421,2022-02-22,2022,GY02215,1,-7.250352,72.451638,RFB,Immature Basic 2,2022-02-10T05:18:00Z,2022-02-26T17:13:26Z,72.421,-7.254
229276,2022-02-22T18:00:28Z,3,-7.247,72.452,2022-02-22,2022,GY02215,1,-7.250352,72.451638,RFB,Immature Basic 2,2022-02-10T05:18:00Z,2022-02-26T17:13:26Z,72.452,-7.247
229276,2022-02-23T12:55:49Z,2,-7.247,72.432,2022-02-23,2022,GY02215,1,-7.250352,72.451638,RFB,Immature Basic 2,2022-02-10T05:18:00Z,2022-02-26T17:13:26Z,72.432,-7.247
229276,2022-02-23T13:27:08Z,B,-7.264,72.424,2022-02-23,2022,GY02215,1,-7.250352,72.451638,RFB,Immature Basic 2,2022-02-10T05:18:00Z,2022-02-26T17:13:26Z,72.424,-7.264
229276,2022-02-23T14:10:20Z,3,-7.25,72.449,2022-02-23,2022,GY02215,1,-7.250352,72.451638,RFB,Immature Basic 2,2022-02-10T05:18:00Z,2022-02-26T17:13:26Z,72.449,-7.25
229276,2022-02-23T14:48:08Z,3,-7.249,72.456,2022-02-23,2022,GY02215,1,-7.250352,72.451638,RFB,Immature Basic 2,2022-02-10T05:18:00Z,2022-02-26T17:13:26Z,72.456,-7.249
229276,2022-02-23T15:53:11Z,A,-7.257,72.422,2022-02-23,2022,GY02215,1,-7.250352,72.451638,RFB,Immature Basic 2,2022-02-10T05:18:00Z,2022-02-26T17:13:26Z,72.422,-7.257
229276,2022-02-23T16:33:19Z,3,-7.252,72.446,2022-02-23,2022,GY02215,1,-7.250352,72.451638,RFB,Immature Basic 2,2022-02-10T05:18:00Z,2022-02-26T17:13:26Z,72.446,-7.252
229276,2022-02-23T17:47:25Z,B,-7.256,72.444,2022-02-23,2022,GY02215,1,-7.250352,72.451638,RFB,Immature Basic 2,2022-02-10T05:18:00Z,2022-02-26T17:13:26Z,72.444,-7.256
229276,2022-02-23T23:47:29Z,B,-7.241,72.445,2022-02-23,2022,GY02215,1,-7.250352,72.451638,RFB,Immature Basic 2,2022-02-10T05:18:00Z,2022-02-26T17:13:26Z,72.445,-7.241
229276,2022-02-24T01:14:56Z,A,-7.176,72.585,2022-02-24,2022,GY02215,1,-7.250352,72.451638,RFB,Immature Basic 2,2022-02-10T05:18:00Z,2022-02-26T17:13:26Z,72.585,-7.176
229276,2022-02-24T01:51:21Z,0,-7.093,72.756,2022-02-24,2022,GY02215,1,-7.250352,72.451638,RFB,Immature Basic 2,2022-02-10T05:18:00Z,2022-02-26T17:13:26Z,72.756,-7.093
229276,2022-02-24T02:55:46Z,1,-6.921,72.921,2022-02-24,2022,GY02215,1,-7.250352,72.451638,RFB,Immature Basic 2,2022-02-10T05:18:00Z,2022-02-26T17:13:26Z,72.921,-6.921
229276,2022-02-24T03:34:24Z,1,-6.903,72.877,2022-02-24,2022,GY02215,1,-7.250352,72.451638,RFB,Immature Basic 2,2022-02-10T05:18:00Z,2022-02-26T17:13:26Z,72.877,-6.903
229276,2022-02-24T03:41:42Z,0,-6.917,72.863,2022-02-24,2022,GY02215,1,-7.250352,72.451638,RFB,Immature Basic 2,2022-02-10T05:18:00Z,2022-02-26T17:13:26Z,72.863,-6.917
229276,2022-02-24T04:29:55Z,0,-6.947,72.841,2022-02-24,2022,GY02215,1,-7.250352,72.451638,RFB,Immature Basic 2,2022-02-10T05:18:00Z,2022-02-26T17:13:26Z,72.841,-6.947
229276,2022-02-24T05:00:22Z,2,-6.936,72.829,2022-02-24,2022,GY02215,1,-7.250352,72.451638,RFB,Immature Basic 2,2022-02-10T05:18:00Z,2022-02-26T17:13:26Z,72.829,-6.936
229276,2022-02-24T05:21:55Z,0,-6.965,72.882,2022-02-24,2022,GY02215,1,-7.250352,72.451638,RFB,Immature Basic 2,2022-02-10T05:18:00Z,2022-02-26T17:13:26Z,72.882,-6.965
229276,2022-02-25T00:50:35Z,1,-7.246,72.437,2022-02-25,2022,GY02215,1,-7.250352,72.451638,RFB,Immature Basic 2,2022-02-10T05:18:00Z,2022-02-26T17:13:26Z,72.437,-7.246
229276,2022-02-25T01:02:42Z,1,-7.233,72.508,2022-02-25,2022,GY02215,1,-7.250352,72.451638,RFB,Immature Basic 2,2022-02-10T05:18:00Z,2022-02-26T17:13:26Z,72.508,-7.233
229276,2022-02-25T01:07:54Z,B,-7.234,72.507,2022-02-25,2022,GY02215,1,-7.250352,72.451638,RFB,Immature Basic 2,2022-02-10T05:18:00Z,2022-02-26T17:13:26Z,72.507,-7.234
229276,2022-02-25T01:24:54Z,A,-7.225,72.54,2022-02-25,2022,GY02215,1,-7.250352,72.451638,RFB,Immature Basic 2,2022-02-10T05:18:00Z,2022-02-26T17:13:26Z,72.54,-7.225
229276,2022-02-25T02:33:04Z,B,-7.145,72.556,2022-02-25,2022,GY02215,1,-7.250352,72.451638,RFB,Immature Basic 2,2022-02-10T05:18:00Z,2022-02-26T17:13:26Z,72.556,-7.145
229276,2022-02-25T03:10:02Z,1,-6.902,72.582,2022-02-25,2022,GY02215,1,-7.250352,72.451638,RFB,Immature Basic 2,2022-02-10T05:18:00Z,2022-02-26T17:13:26Z,72.582,-6.902
229276,2022-02-25T03:19:39Z,A,-6.854,72.55,2022-02-25,2022,GY02215,1,-7.250352,72.451638,RFB,Immature Basic 2,2022-02-10T05:18:00Z,2022-02-26T17:13:26Z,72.55,-6.854
229276,2022-02-25T04:10:47Z,1,-6.904,72.558,2022-02-25,2022,GY02215,1,-7.250352,72.451638,RFB,Immature Basic 2,2022-02-10T05:18:00Z,2022-02-26T17:13:26Z,72.558,-6.904
229276,2022-02-25T04:49:04Z,1,-6.931,72.543,2022-02-25,2022,GY02215,1,-7.250352,72.451638,RFB,Immature Basic 2,2022-02-10T05:18:00Z,2022-02-26T17:13:26Z,72.543,-6.931
229276,2022-02-25T05:01:22Z,1,-6.913,72.537,2022-02-25,2022,GY02215,1,-7.250352,72.451638,RFB,Immature Basic 2,2022-02-10T05:18:00Z,2022-02-26T17:13:26Z,72.537,-6.913
229276,2022-02-25T11:51:43Z,A,-6.852,72.585,2022-02-25,2022,GY02215,1,-7.250352,72.451638,RFB,Immature Basic 2,2022-02-10T05:18:00Z,2022-02-26T17:13:26Z,72.585,-6.852
229276,2022-02-26T11:22:58Z,B,-6.516,72.063,2022-02-26,2022,GY02215,1,-7.250352,72.451638,RFB,Immature Basic 2,2022-02-10T05:18:00Z,2022-02-26T17:13:26Z,72.063,-6.516
229276,2022-02-26T12:43:18Z,0,-8.03,76.525,2022-02-26,2022,GY02215,1,-7.250352,72.451638,RFB,Immature Basic 2,2022-02-10T05:18:00Z,2022-02-26T17:13:26Z,72.458,-7.219
229276,2022-02-26T12:54:53Z,1,-7.057,71.587,2022-02-26,2022,GY02215,1,-7.250352,72.451638,RFB,Immature Basic 2,2022-02-10T05:18:00Z,2022-02-26T17:13:26Z,72.499,-7.261
229276,2022-02-26T15:14:10Z,3,-7.249,72.452,2022-02-26,2022,GY02215,1,-7.250352,72.451638,RFB,Immature Basic 2,2022-02-10T05:18:00Z,2022-02-26T17:13:26Z,72.452,-7.249
229276,2022-02-26T15:14:45Z,3,-7.249,72.453,2022-02-26,2022,GY02215,1,-7.250352,72.451638,RFB,Immature Basic 2,2022-02-10T05:18:00Z,2022-02-26T17:13:26Z,72.453,-7.249
229276,2022-02-26T17:12:39Z,A,-7.253,72.444,2022-02-26,2022,GY02215,1,-7.250352,72.451638,RFB,Immature Basic 2,2022-02-10T05:18:00Z,2022-02-26T17:13:26Z,72.444,-7.253
