TagID,DateTime,lc,Y,X,Y2,X2,Date,Year,ID,DeployID,DeployY,DeployX,Species,Age,Deploydatetime,Retrievedatetime,dist,difftime,netdisp,speed,turnangle,Lon,Lat
229275,2022-02-10T14:42:30Z,B,-7.261,72.476,-7.261,72.476,2022-02-10,2022,GY02216,1,-7.247698,72.45145,RFB,Immature Basic 1,2022-02-10T06:07:00Z,2022-02-23T14:51:37Z,948.3997396244,6160,948.3997396244,0.15396099669227276,135,72.476,-7.261
229275,2022-02-10T15:00:42Z,3,-7.249,72.448,-7.249,72.448,2022-02-10,2022,GY02216,1,-7.247698,72.45145,RFB,Immature Basic 1,2022-02-10T06:07:00Z,2022-02-23T14:51:37Z,3395.39727708918,1092,2539.89743581384,3.1093381658325794,293.19859051364466,72.448,-7.249
229275,2022-02-10T15:15:24Z,3,-7.250,72.452,-7.250,72.452,2022-02-10,2022,GY02216,1,-7.247698,72.45145,RFB,Immature Basic 1,2022-02-10T06:07:00Z,2022-02-23T14:51:37Z,459.200410785935,882,2080.82565825958,0.5206353863786112,104.03624346791452,72.452,-7.25
229275,2022-02-10T16:03:10Z,B,-7.252,72.458,-7.252,72.458,2022-02-10,2022,GY02216,1,-7.247698,72.45145,RFB,Immature Basic 1,2022-02-10T06:07:00Z,2022-02-23T14:51:37Z,704.61591788675,2866,1377.60196317538,0.24585342564087567,108.43494882291947,72.458,-7.252
229275,2022-02-10T16:51:55Z,B,-7.250,72.458,-7.250,72.458,2022-02-10,2022,GY02216,1,-7.247698,72.45145,RFB,Immature Basic 1,2022-02-10T06:07:00Z,2022-02-23T14:51:37Z,224.43383577792,2925,1448.88584594704,0.07672951650527171,0,72.458,-7.25
229275,2022-02-10T17:00:47Z,3,-7.251,72.449,-7.251,72.449,2022-02-10,2022,GY02216,1,-7.247698,72.45145,RFB,Immature Basic 1,2022-02-10T06:07:00Z,2022-02-23T14:51:37Z,1008.14034745413,532,2380.41357310232,1.895000653109274,263.65980825408826,72.449,-7.251
229275,2022-02-10T17:43:19Z,A,-7.248,72.449,-7.248,72.449,2022-02-10,2022,GY02216,1,-7.247698,72.45145,RFB,Immature Basic 1,2022-02-10T06:07:00Z,2022-02-23T14:51:37Z,336.649632433546,2552,2466.15599056609,0.1319160001698847,0,72.449,-7.248
229275,2022-02-11T12:33:58Z,0,-7.587,74.607,-7.587,74.607,2022-02-11,2022,GY02216,1,-7.247698,72.45145,RFB,Immature Basic 1,2022-02-10T06:07:00Z,2022-02-23T14:51:37Z,243223.105015071,67839,240791.631140336,3.5852990907158206,98.92762886780105,74.607,-7.587
229275,2022-02-11T13:13:01Z,B,-7.600,74.631,-7.600,74.631,2022-02-11,2022,GY02216,1,-7.247698,72.45145,RFB,Immature Basic 1,2022-02-10T06:07:00Z,2022-02-23T14:51:37Z,3044.54946719452,2343,243659.249196739,1.2994235882178915,118.44292862436227,74.631,-7.6
229275,2022-02-11T13:24:11Z,3,-7.638,74.659,-7.638,74.659,2022-02-11,2022,GY02216,1,-7.247698,72.45145,RFB,Immature Basic 1,2022-02-10T06:07:00Z,2022-02-23T14:51:37Z,5284.84877221404,670,247442.883488349,7.887833988379168,143.61564818415863,74.659,-7.638
229275,2022-02-11T14:06:46Z,1,-7.653,74.630,-7.653,74.630,2022-02-11,2022,GY02216,1,-7.247698,72.45145,RFB,Immature Basic 1,2022-02-10T06:07:00Z,2022-02-23T14:51:37Z,3641.44821868192,2555,244566.571023098,1.425224351734607,242.65012421993916,74.63,-7.653
229275,2022-02-11T14:47:45Z,0,-7.676,74.631,-7.676,74.631,2022-02-11,2022,GY02216,1,-7.247698,72.45145,RFB,Immature Basic 1,2022-02-10T06:07:00Z,2022-02-23T14:51:37Z,2585.82584581537,2459,245160.962681941,1.0515761878061671,177.51044707798906,74.631,-7.676
229275,2022-02-11T14:52:05Z,1,-7.677,74.638,-7.677,74.638,2022-02-11,2022,GY02216,1,-7.247698,72.45145,RFB,Immature Basic 1,2022-02-10T06:07:00Z,2022-02-23T14:51:37Z,787.290661963556,260,245947.239004666,3.0280410075521376,98.1301023541458,74.638,-7.677
229275,2022-02-11T15:43:33Z,B,-7.688,74.619,-7.688,74.619,2022-02-11,2022,GY02216,1,-7.247698,72.45145,RFB,Immature Basic 1,2022-02-10T06:07:00Z,2022-02-23T14:51:37Z,2449.53922905974,3088,244115.182211043,0.7932445689960285,239.9314171781444,74.619,-7.688
229275,2022-02-11T16:27:33Z,B,-7.682,74.620,-7.682,74.620,2022-02-11,2022,GY02216,1,-7.247698,72.45145,RFB,Immature Basic 1,2022-02-10T06:07:00Z,2022-02-23T14:51:37Z,683.101827211636,2640,244091.009012132,0.2587506921256198,9.462322208071006,74.62,-7.682
229275,2022-02-11T16:51:30Z,2,-7.685,74.620,-7.685,74.620,2022-02-11,2022,GY02216,1,-7.247698,72.45145,RFB,Immature Basic 1,2022-02-10T06:07:00Z,2022-02-23T14:51:37Z,336.984001091332,1437,244157.4173063,0.23450521996613233,180,74.62,-7.685
229275,2022-02-11T17:21:09Z,2,-7.687,74.624,-7.687,74.624,2022-02-11,2022,GY02216,1,-7.247698,72.45145,RFB,Immature Basic 1,2022-02-10T06:07:00Z,2022-02-23T14:51:37Z,498.741794364965,1779,244638.361120356,0.2803495190359555,116.56505117713905,74.624,-7.687
229275,2022-02-12T00:57:16Z,0,-7.633,74.615,-7.633,74.615,2022-02-12,2022,GY02216,1,-7.247698,72.45145,RFB,Immature Basic 1,2022-02-10T06:07:00Z,2022-02-23T14:51:37Z,6147.56489730012,27367,242521.941580066,0.22463422725545812,350.5376777919741,74.615,-7.633
229275,2022-02-12T01:10:45Z,3,-7.648,74.547,-7.648,74.547,2022-02-12,2022,GY02216,1,-7.247698,72.45145,RFB,Immature Basic 1,2022-02-10T06:07:00Z,2022-02-23T14:51:37Z,7754.94193873185,809,235382.706144162,9.585836759866314,257.5604379811533,74.547,-7.648
229275,2022-02-12T01:55:11Z,0,-7.641,74.593,-7.641,74.593,2022-02-12,2022,GY02216,1,-7.247698,72.45145,RFB,Immature Basic 1,2022-02-10T06:07:00Z,2022-02-23T14:51:37Z,5180.70280780105,2666,240271.509202018,1.9432493652667098,81.34745820888688,74.593,-7.641
229275,2022-02-12T02:39:02Z,0,-7.429,74.680,-7.429,74.680,2022-02-12,2022,GY02216,1,-7.247698,72.45145,RFB,Immature Basic 1,2022-02-10T06:07:00Z,2022-02-23T14:51:37Z,20930.0410904077,2250,246790.030297456,9.302240484625635,7.086895410076843,74.68,-7.429
229275,2022-02-12T03:35:52Z,0,-7.315,74.664,-7.315,74.664,2022-02-12,2022,GY02216,1,-7.247698,72.45145,RFB,Immature Basic 1,2022-02-10T06:07:00Z,2022-02-23T14:51:37Z,12919.5601421631,3410,244327.766356326,3.7887273144173195,352.01067323360047,74.664,-7.315
229275,2022-02-12T04:00:27Z,A,-7.286,74.620,-7.286,74.620,2022-02-12,2022,GY02216,1,-7.247698,72.45145,RFB,Immature Basic 1,2022-02-10T06:07:00Z,2022-02-23T14:51:37Z,3127.21692342626,1360,239362.187421124,2.299424208401659,235.17551084303867,74.62,-7.286
229275,2022-02-12T04:33:07Z,0,-7.251,74.428,-7.251,74.428,2022-02-12,2022,GY02216,1,-7.247698,72.45145,RFB,Immature Basic 1,2022-02-10T06:07:00Z,2022-02-23T14:51:37Z,21731.2433845901,1960,217964.025169204,11.087369073770438,280.33110484433905,74.428,-7.251
229275,2022-02-12T05:18:54Z,B,-7.267,74.599,-7.267,74.599,2022-02-12,2022,GY02216,1,-7.247698,72.45145,RFB,Immature Basic 1,2022-02-10T06:07:00Z,2022-02-23T14:51:37Z,19120.1242279498,2747,237003.021662162,6.960365572606403,95.3454453727669,74.599,-7.267
229275,2022-02-12T05:36:56Z,1,-7.245,74.570,-7.245,74.570,2022-02-12,2022,GY02216,1,-7.247698,72.45145,RFB,Immature Basic 1,2022-02-10T06:07:00Z,2022-02-23T14:51:37Z,4064.07037692105,1082,233773.624009352,3.7560724370804497,307.1847064532234,74.57,-7.245
229275,2022-02-13T00:34:48Z,1,-7.065,73.117,-3.137,90.673,2022-02-13,2022,GY02216,1,-7.247698,72.45145,RFB,Immature Basic 1,2022-02-10T06:07:00Z,2022-02-23T14:51:37Z,163003.043634669,68272,75112.0960115866,2.3875533693852447,277.0619152956549,73.117,-7.065
229275,2022-02-13T00:57:28Z,0,-7.054,73.103,-7.054,73.103,2022-02-13,2022,GY02216,1,-7.247698,72.45145,RFB,Immature Basic 1,2022-02-10T06:07:00Z,2022-02-23T14:51:37Z,1987.77982469472,1360,73985.7340257843,1.4616028122755322,308.1572265873495,73.103,-7.054
229275,2022-02-13T01:29:58Z,A,-7.053,73.023,-7.053,73.023,2022-02-13,2022,GY02216,1,-7.247698,72.45145,RFB,Immature Basic 1,2022-02-10T06:07:00Z,2022-02-23T14:51:37Z,8906.2656339634,1950,65598.8161722207,4.567315709724819,270.7161599454707,73.023,-7.053
229275,2022-02-13T01:52:12Z,2,-7.066,73.006,-7.066,73.006,2022-02-13,2022,GY02216,1,-7.247698,72.45145,RFB,Immature Basic 1,2022-02-10T06:07:00Z,2022-02-23T14:51:37Z,2389.07238923492,1334,63323.1611896512,1.7909088375074342,232.594643368585,73.006,-7.066
229275,2022-02-13T02:07:17Z,1,-7.037,72.987,-7.037,72.987,2022-02-13,2022,GY02216,1,-7.247698,72.45145,RFB,Immature Basic 1,2022-02-10T06:07:00Z,2022-02-23T14:51:37Z,3880.03622514884,905,62533.425322291,4.287332845468334,326.76828893201304,72.987,-7.037
229275,2022-02-13T03:12:58Z,1,-7.207,72.823,-7.207,72.823,2022-02-13,2022,GY02216,1,-7.247698,72.45145,RFB,Immature Basic 1,2022-02-10T06:07:00Z,2022-02-23T14:51:37Z,26401.0779422365,3941,39663.1971559639,6.699080929265786,223.9708451956943,72.823,-7.207
229275,2022-02-13T03:24:57Z,1,-7.220,72.732,-7.220,72.732,2022-02-13,2022,GY02216,1,-7.247698,72.45145,RFB,Immature Basic 1,2022-02-10T06:07:00Z,2022-02-23T14:51:37Z,10234.5588336965,719,29428.9567800991,14.23443509554451,261.86989764584354,72.732,-7.22
229275,2022-02-13T03:51:05Z,B,-7.243,72.726,-7.243,72.726,2022-02-13,2022,GY02216,1,-7.247698,72.45145,RFB,Immature Basic 1,2022-02-10T06:07:00Z,2022-02-23T14:51:37Z,2665.90356492435,1568,28529.5870653967,1.700193600079303,194.62087398863184,72.726,-7.243
229275,2022-02-13T04:11:01Z,1,-7.266,72.553,-7.266,72.553,2022-02-13,2022,GY02216,1,-7.247698,72.45145,RFB,Immature Basic 1,2022-02-10T06:07:00Z,2022-02-23T14:51:37Z,19430.4566419376,1196,9321.61259462558,16.246201205633422,262.42705135945675,72.553,-7.266
229275,2022-02-13T04:49:54Z,A,-7.292,72.526,-7.292,72.526,2022-02-13,2022,GY02216,1,-7.247698,72.45145,RFB,Immature Basic 1,2022-02-10T06:07:00Z,2022-02-23T14:51:37Z,4188.97033007414,2333,7490.15679034788,1.7955295028178913,226.080924186662,72.526,-7.292
229275,2022-02-13T05:24:41Z,1,-7.293,72.488,-7.293,72.488,2022-02-13,2022,GY02216,1,-7.247698,72.45145,RFB,Immature Basic 1,2022-02-10T06:07:00Z,2022-02-23T14:51:37Z,4231.62910527295,2087,4711.75614521303,2.0276133709980586,268.4925642412244,72.488,-7.293
229275,2022-02-13T05:47:46Z,2,-7.276,72.483,-7.276,72.483,2022-02-13,2022,GY02216,1,-7.247698,72.45145,RFB,Immature Basic 1,2022-02-10T06:07:00Z,2022-02-23T14:51:37Z,1987.36396166771,1385,2765.49520689379,1.4349198279189261,343.61045966597965,72.483,-7.276
229275,2022-02-13T11:26:15Z,A,-7.180,72.431,-7.180,72.431,2022-02-13,2022,GY02216,1,-7.247698,72.45145,RFB,Immature Basic 1,2022-02-10T06:07:00Z,2022-02-23T14:51:37Z,12229.0628711136,20309,9469.49599083614,0.6021499271807365,331.5570713756336,72.431,-7.18
229275,2022-02-14T12:39:45Z,1,-6.901,72.628,-6.901,72.628,2022-02-14,2022,GY02216,1,-7.247698,72.45145,RFB,Immature Basic 1,2022-02-10T06:07:00Z,2022-02-23T14:51:37Z,38213.1539047809,90810,43430.6483610803,0.4208033686243906,35.22565484790816,72.628,-6.901
229275,2022-02-14T13:35:56Z,B,-6.952,72.614,-6.952,72.614,2022-02-14,2022,GY02216,1,-7.247698,72.45145,RFB,Immature Basic 1,2022-02-10T06:07:00Z,2022-02-23T14:51:37Z,7211.29739540741,3326,37581.0049628798,2.1681591687935673,191.6592926535152,72.614,-6.952
229275,2022-02-14T14:13:26Z,B,-7.092,72.546,-7.092,72.546,2022-02-14,2022,GY02216,1,-7.247698,72.45145,RFB,Immature Basic 1,2022-02-10T06:07:00Z,2022-02-23T14:51:37Z,17431.8573394042,2250,20150.3309377981,7.747492150846332,205.9065079995137,72.546,-7.092
229275,2022-02-14T15:15:07Z,A,-7.226,72.420,-7.226,72.420,2022-02-14,2022,GY02216,1,-7.247698,72.45145,RFB,Immature Basic 1,2022-02-10T06:07:00Z,2022-02-23T14:51:37Z,1485.79097702274,3409,6447.47909990915,0.43584364242380047,77.00538320808808,72.42,-7.226
229275,2022-02-14T15:55:17Z,0,-7.230,72.424,-7.230,72.424,2022-02-14,2022,GY02216,1,-7.247698,72.45145,RFB,Immature Basic 1,2022-02-10T06:07:00Z,2022-02-23T14:51:37Z,632.245287673988,2410,5838.80420423093,0.2623424430182522,134.9999999999682,72.424,-7.23
229275,2022-02-14T16:24:27Z,3,-7.227,72.413,-7.227,72.413,2022-02-14,2022,GY02216,1,-7.247698,72.45145,RFB,Immature Basic 1,2022-02-10T06:07:00Z,2022-02-23T14:51:37Z,1269.94406791327,1750,7080.52904140685,0.7256823245218662,285.25511870304524,72.413,-7.227
229275,2022-02-14T17:53:28Z,B,-7.271,72.397,-7.271,72.397,2022-02-14,2022,GY02216,1,-7.247698,72.45145,RFB,Immature Basic 1,2022-02-10T06:07:00Z,2022-02-23T14:51:37Z,5248.95120192019,5341,8322.3199690819,0.9827656247744226,199.98310652188994,72.397,-7.271
229275,2022-02-14T18:00:03Z,B,-7.272,72.396,-7.272,72.396,2022-02-14,2022,GY02216,1,-7.247698,72.45145,RFB,Immature Basic 1,2022-02-10T06:07:00Z,2022-02-23T14:51:37Z,158.069016247613,395,8455.66231664978,0.40017472467750165,225.00000000012722,72.396,-7.272
229275,2022-02-15T12:10:55Z,B,-7.138,72.665,-7.138,72.665,2022-02-15,2022,GY02216,1,-7.247698,72.45145,RFB,Immature Basic 1,2022-02-10T06:07:00Z,2022-02-23T14:51:37Z,33507.7164359666,65452,25368.2085995426,0.511943354457718,63.52021033664368,72.665,-7.138
229275,2022-02-15T13:41:23Z,0,-7.040,72.636,-7.040,72.636,2022-02-15,2022,GY02216,1,-7.247698,72.45145,RFB,Immature Basic 1,2022-02-10T06:07:00Z,2022-02-23T14:51:37Z,47029.5534187317,4621,30385.9260563926,10.17735412653792,195.19524852681977,72.636,-7.04
229275,2022-02-15T13:55:13Z,A,-7.143,72.566,-7.143,72.566,2022-02-15,2022,GY02216,1,-7.247698,72.45145,RFB,Immature Basic 1,2022-02-10T06:07:00Z,2022-02-23T14:51:37Z,13936.3807734396,830,16496.3838809006,16.79082020896332,214.20048413026598,72.566,-7.143
229275,2022-02-15T14:02:41Z,0,-7.136,72.573,-7.136,72.573,2022-02-15,2022,GY02216,1,-7.247698,72.45145,RFB,Immature Basic 1,2022-02-10T06:07:00Z,2022-02-23T14:51:37Z,1106.32070737798,448,17599.6491360797,2.469465864682994,44.99999999996365,72.573,-7.136
229275,2022-02-15T14:51:38Z,1,-7.233,72.481,-7.233,72.481,2022-02-15,2022,GY02216,1,-7.247698,72.45145,RFB,Immature Basic 1,2022-02-10T06:07:00Z,2022-02-23T14:51:37Z,14944.4121557882,2937,2755.73626197199,5.088325555256469,223.48459209997762,72.481,-7.233
229275,2022-02-15T15:43:47Z,2,-7.242,72.458,-7.242,72.458,2022-02-15,2022,GY02216,1,-7.247698,72.45145,RFB,Immature Basic 1,2022-02-10T06:07:00Z,2022-02-23T14:51:37Z,2752.33098139841,3129,1978.02531834926,0.8796200004469181,248.6293777306528,72.458,-7.242
229275,2022-02-15T16:30:43Z,0,-7.269,72.457,-7.269,72.457,2022-02-15,2022,GY02216,1,-7.247698,72.45145,RFB,Immature Basic 1,2022-02-10T06:07:00Z,2022-02-23T14:51:37Z,3031.9313743861,2816,2136.00804760503,1.076680175563244,182.12109639667156,72.457,-7.269
229275,2022-02-15T16:49:09Z,A,-7.241,72.459,-7.241,72.459,2022-02-15,2022,GY02216,1,-7.247698,72.45145,RFB,Immature Basic 1,2022-02-10T06:07:00Z,2022-02-23T14:51:37Z,3149.97950776305,1106,1991.87334742974,2.8480827375796105,4.08561677999425,72.459,-7.241
229275,2022-02-15T17:39:52Z,3,-7.245,72.450,-7.245,72.450,2022-02-15,2022,GY02216,1,-7.247698,72.45145,RFB,Immature Basic 1,2022-02-10T06:07:00Z,2022-02-23T14:51:37Z,1097.82939634419,3043,2493.20470259436,0.36077206583772425,246.03751102542023,72.45,-7.245
229275,2022-02-15T17:42:10Z,3,-7.245,72.454,-7.245,72.454,2022-02-15,2022,GY02216,1,-7.247698,72.45145,RFB,Immature Basic 1,2022-02-10T06:07:00Z,2022-02-23T14:51:37Z,445.277963171713,138,2105.14073369372,3.226651907041399,90,72.454,-7.245
229275,2022-02-16T01:10:19Z,A,-7.398,72.614,-7.398,72.614,2022-02-16,2022,GY02216,1,-7.247698,72.45145,RFB,Immature Basic 1,2022-02-10T06:07:00Z,2022-02-23T14:51:37Z,24740.8553457841,26889,22683.8024783289,0.920110652898362,133.71883830535594,72.614,-7.398
229275,2022-02-16T01:46:26Z,A,-7.032,72.597,-7.032,72.597,2022-02-16,2022,GY02216,1,-7.247698,72.45145,RFB,Immature Basic 1,2022-02-10T06:07:00Z,2022-02-23T14:51:37Z,41111.7677006739,2167,28736.6387717083,18.97174328595936,357.3406319868755,72.597,-7.032
229275,2022-02-16T02:14:07Z,1,-6.907,72.720,-6.907,72.720,2022-02-16,2022,GY02216,1,-7.247698,72.45145,RFB,Immature Basic 1,2022-02-10T06:07:00Z,2022-02-23T14:51:37Z,13071.442366417,1339,47941.5055756113,9.762092880072442,41.185925165708944,72.72,-6.907
229275,2022-02-16T02:54:37Z,1,-6.709,72.710,-6.709,72.710,2022-02-16,2022,GY02216,1,-7.247698,72.45145,RFB,Immature Basic 1,2022-02-10T06:07:00Z,2022-02-23T14:51:37Z,22225.6830405543,2430,66809.2672197932,9.146371621627267,357.10873040377794,72.71,-6.709
229275,2022-02-16T03:03:50Z,B,-6.702,72.700,-6.702,72.700,2022-02-16,2022,GY02216,1,-7.247698,72.45145,RFB,Immature Basic 1,2022-02-10T06:07:00Z,2022-02-23T14:51:37Z,1361.91249671721,553,67096.5073090027,2.46277124180327,304.9920201985819,72.7,-6.702
229275,2022-02-16T03:35:57Z,0,-6.489,72.833,-6.489,72.833,2022-02-16,2022,GY02216,1,-7.247698,72.45145,RFB,Immature Basic 1,2022-02-10T06:07:00Z,2022-02-23T14:51:37Z,28087.9595961976,1927,94919.4632644972,14.576003941981112,31.981197570214327,72.833,-6.489
229275,2022-02-16T03:50:46Z,B,-6.501,72.870,-6.501,72.870,2022-02-16,2022,GY02216,1,-7.247698,72.45145,RFB,Immature Basic 1,2022-02-10T06:07:00Z,2022-02-23T14:51:37Z,4332.69760641726,889,95553.1468498966,4.873675597769694,107.96913974015487,72.87,-6.501
229275,2022-02-16T04:47:07Z,0,-6.353,73.009,-6.353,73.009,2022-02-16,2022,GY02216,1,-7.247698,72.45145,RFB,Immature Basic 1,2022-02-10T06:07:00Z,2022-02-23T14:51:37Z,22678.3106545587,3381,117584.411487938,6.707574875645873,43.203856847503296,73.009,-6.353
229275,2022-02-16T05:33:46Z,B,-6.239,73.029,-6.239,73.029,2022-02-16,2022,GY02216,1,-7.247698,72.45145,RFB,Immature Basic 1,2022-02-10T06:07:00Z,2022-02-23T14:51:37Z,15929.7943438272,2341,129782.1354214,6.804696430511416,56.42118627499932,73.029,-6.239
229275,2022-02-16T06:25:22Z,B,-6.119,73.084,-6.119,73.084,2022-02-16,2022,GY02216,1,-7.247698,72.45145,RFB,Immature Basic 1,2022-02-10T06:07:00Z,2022-02-23T14:51:37Z,14765.5932486769,3096,144512.898407784,4.769248465334904,24.623564786166288,73.084,-6.119
229275,2022-02-17T00:04:30Z,B,-6.379,73.010,-6.379,73.010,2022-02-17,2022,GY02216,1,-7.247698,72.45145,RFB,Immature Basic 1,2022-02-10T06:07:00Z,2022-02-23T14:51:37Z,17075.8021092832,63317,115147.513223202,0.2696874790227456,175.48601154199855,73.01,-6.379
229275,2022-02-17T01:31:29Z,A,-6.249,74.184,-10.012,55.001,2022-02-17,2022,GY02216,1,-7.247698,72.45145,RFB,Immature Basic 1,2022-02-10T06:07:00Z,2022-02-23T14:51:37Z,1894.93891609761,155,221636.093066737,12.225412361920075,241.92751306414794,74.184,-6.249
229275,2022-02-17T01:43:11Z,1,-6.240,74.260,-6.240,74.260,2022-02-17,2022,GY02216,1,-7.247698,72.45145,RFB,Immature Basic 1,2022-02-10T06:07:00Z,2022-02-23T14:51:37Z,8520.1016347644,702,229457.913703798,12.136896915618804,83.24642596447009,74.26,-6.24
229275,2022-02-17T02:35:31Z,0,-6.284,74.203,-6.284,74.203,2022-02-17,2022,GY02216,1,-7.247698,72.45145,RFB,Immature Basic 1,2022-02-10T06:07:00Z,2022-02-23T14:51:37Z,8033.77482412495,3140,221507.284503396,2.5585270140525305,232.33437880141804,74.203,-6.284
229275,2022-02-17T03:12:11Z,1,-6.295,74.193,-6.295,74.193,2022-02-17,2022,GY02216,1,-7.247698,72.45145,RFB,Immature Basic 1,2022-02-10T06:07:00Z,2022-02-23T14:51:37Z,1660.37729470267,2200,219933.016373628,0.7547169521375792,222.27368900610801,74.193,-6.295
229275,2022-02-17T04:27:42Z,1,-6.296,74.165,-6.296,74.165,2022-02-17,2022,GY02216,1,-7.247698,72.45145,RFB,Immature Basic 1,2022-02-10T06:07:00Z,2022-02-23T14:51:37Z,3118.95713505752,4531,217164.619184227,0.6883595530914856,267.95459151111146,74.165,-6.296
229275,2022-02-17T04:45:17Z,0,-6.317,74.203,-6.317,74.203,2022-02-17,2022,GY02216,1,-7.247698,72.45145,RFB,Immature Basic 1,2022-02-10T06:07:00Z,2022-02-23T14:51:37Z,4840.01255677252,1055,219714.66927633,4.5876896272725265,118.92642583525561,74.203,-6.317
229275,2022-02-17T05:14:47Z,A,-6.332,74.306,-6.332,74.306,2022-02-17,2022,GY02216,1,-7.247698,72.45145,RFB,Immature Basic 1,2022-02-10T06:07:00Z,2022-02-23T14:51:37Z,11588.334361253,1770,229083.890108433,6.547081560029963,98.28579702395402,74.306,-6.332
229275,2022-02-17T11:49:38Z,B,-6.429,74.224,-6.429,74.224,2022-02-17,2022,GY02216,1,-7.247698,72.45145,RFB,Immature Basic 1,2022-02-10T06:07:00Z,2022-02-23T14:51:37Z,14190.7931891629,23691,216103.987722512,0.5989951116104385,220.20986927763445,74.224,-6.429
229275,2022-02-18T11:35:51Z,B,-7.018,73.920,-7.018,73.920,2022-02-18,2022,GY02216,1,-7.247698,72.45145,RFB,Immature Basic 1,2022-02-10T06:07:00Z,2022-02-23T14:51:37Z,74189.3767405315,85573,163588.511682115,0.8669717871353284,207.299572211333,73.92,-7.018
229275,2022-02-18T13:10:42Z,1,-7.348,73.015,-7.348,73.015,2022-02-18,2022,GY02216,1,-7.247698,72.45145,RFB,Immature Basic 1,2022-02-10T06:07:00Z,2022-02-23T14:51:37Z,40984.8970990156,3454,61560.3823774632,11.865922726987735,219.6854543300546,73.015,-7.348
229275,2022-02-18T13:33:24Z,B,-7.386,72.985,-7.386,72.985,2022-02-18,2022,GY02216,1,-7.247698,72.45145,RFB,Immature Basic 1,2022-02-10T06:07:00Z,2022-02-23T14:51:37Z,5417.1985807689,1362,59184.8398870466,3.977385154749561,218.29016319224394,72.985,-7.386
229275,2022-02-18T15:07:21Z,2,-7.376,72.491,-7.376,72.491,2022-02-18,2022,GY02216,1,-7.247698,72.45145,RFB,Immature Basic 1,2022-02-10T06:07:00Z,2022-02-23T14:51:37Z,31105.9500775817,4468,13779.9422706694,6.961940482896532,291.87765133025795,72.491,-7.376
229275,2022-02-18T15:15:31Z,3,-7.379,72.483,-7.379,72.483,2022-02-18,2022,GY02216,1,-7.247698,72.45145,RFB,Immature Basic 1,2022-02-10T06:07:00Z,2022-02-23T14:51:37Z,952.09655037933,490,13991.9883519788,1.9430541844476126,249.44395478041093,72.483,-7.379
229275,2022-02-18T16:37:24Z,2,-7.380,72.471,-7.380,72.471,2022-02-18,2022,GY02216,1,-7.247698,72.45145,RFB,Immature Basic 1,2022-02-10T06:07:00Z,2022-02-23T14:51:37Z,1340.5417077491,4913,14029.6404381299,0.27285603658642416,265.2363583092724,72.471,-7.38
229275,2022-02-18T17:06:25Z,3,-7.378,72.478,-7.378,72.478,2022-02-18,2022,GY02216,1,-7.247698,72.45145,RFB,Immature Basic 1,2022-02-10T06:07:00Z,2022-02-23T14:51:37Z,810.930865047131,1741,13833.3961166394,0.46578452903338935,74.0546040990589,72.478,-7.378
229275,2022-02-18T18:18:14Z,2,-7.380,72.482,-7.380,72.482,2022-02-18,2022,GY02216,1,-7.247698,72.45145,RFB,Immature Basic 1,2022-02-10T06:07:00Z,2022-02-23T14:51:37Z,498.670141358103,4309,14092.6530850145,0.11572757979997757,116.56505117704745,72.482,-7.38
229275,2022-02-19T12:55:09Z,2,-7.272,72.472,-7.272,72.472,2022-02-19,2022,GY02216,1,-7.247698,72.45145,RFB,Immature Basic 1,2022-02-10T06:07:00Z,2022-02-23T14:51:37Z,12172.4669380034,67015,1920.68799091822,0.1816379458032293,354.70991879462605,72.472,-7.272
229275,2022-02-19T13:13:29Z,B,-7.270,72.457,-7.270,72.457,2022-02-19,2022,GY02216,1,-7.247698,72.45145,RFB,Immature Basic 1,2022-02-10T06:07:00Z,2022-02-23T14:51:37Z,1684.80905717657,1100,2219.85157243808,1.531644597433241,277.59464336859367,72.457,-7.27
229275,2022-02-19T14:51:19Z,2,-7.271,72.472,-7.271,72.472,2022-02-19,2022,GY02216,1,-7.247698,72.45145,RFB,Immature Basic 1,2022-02-10T06:07:00Z,2022-02-23T14:51:37Z,402.372356075634,5837,1809.26921173124,0.06893478774638231,56.30993247402413,72.472,-7.271
229275,2022-02-19T14:54:50Z,3,-7.272,72.468,-7.272,72.468,2022-02-19,2022,GY02216,1,-7.247698,72.45145,RFB,Immature Basic 1,2022-02-10T06:07:00Z,2022-02-23T14:51:37Z,459.201752341149,211,1920.68799091833,2.176311622469899,255.96375653203762,72.468,-7.272
229275,2022-02-19T16:18:54Z,3,-7.273,72.464,-7.273,72.464,2022-02-19,2022,GY02216,1,-7.247698,72.45145,RFB,Immature Basic 1,2022-02-10T06:07:00Z,2022-02-23T14:51:37Z,459.201813423496,5044,2127.52512202008,0.09103921757008254,255.96375653209748,72.464,-7.273
229275,2022-02-19T16:57:05Z,A,-7.274,72.458,-7.274,72.458,2022-02-19,2022,GY02216,1,-7.247698,72.45145,RFB,Immature Basic 1,2022-02-10T06:07:00Z,2022-02-23T14:51:37Z,677.279072586941,2291,2516.08165316716,0.2956259592260764,260.53767779197165,72.458,-7.274
229275,2022-02-19T17:05:49Z,B,-7.281,72.452,-7.281,72.452,2022-02-19,2022,GY02216,1,-7.247698,72.45145,RFB,Immature Basic 1,2022-02-10T06:07:00Z,2022-02-23T14:51:37Z,1031.12802438212,524,3539.53152898955,1.9678015732483196,220.60129464500687,72.452,-7.281
229275,2022-02-19T17:59:57Z,B,-7.277,72.466,-7.277,72.466,2022-02-19,2022,GY02216,1,-7.247698,72.45145,RFB,Immature Basic 1,2022-02-10T06:07:00Z,2022-02-23T14:51:37Z,1621.83383324279,3248,2508.6879354808,0.4993330767373119,74.05460409907427,72.466,-7.277
229275,2022-02-20T00:10:56Z,3,-7.273,72.466,-7.273,72.466,2022-02-20,2022,GY02216,1,-7.247698,72.45145,RFB,Immature Basic 1,2022-02-10T06:07:00Z,2022-02-23T14:51:37Z,448.891634942847,22259,2068.45898296707,0.02016674760514162,0,72.466,-7.273
229275,2022-02-20T00:44:31Z,3,-7.273,72.464,-7.273,72.464,2022-02-20,2022,GY02216,1,-7.247698,72.45145,RFB,Immature Basic 1,2022-02-10T06:07:00Z,2022-02-23T14:51:37Z,222.638981586322,2015,2127.52512202008,0.11049080972025915,270,72.464,-7.273
229275,2022-02-20T01:50:16Z,1,-7.135,72.661,-7.135,72.661,2022-02-20,2022,GY02216,1,-7.247698,72.45145,RFB,Immature Basic 1,2022-02-10T06:07:00Z,2022-02-23T14:51:37Z,26845.6077768528,3945,25166.6988073129,6.804970285640748,54.98846489091806,72.661,-7.135
229275,2022-02-20T01:54:09Z,0,-7.117,72.692,-7.117,72.692,2022-02-20,2022,GY02216,1,-7.247698,72.45145,RFB,Immature Basic 1,2022-02-10T06:07:00Z,2022-02-23T14:51:37Z,3998.31333047082,233,29162.8898392026,17.160143049231,59.858614447918285,72.692,-7.117
229275,2022-02-20T02:06:56Z,0,-7.065,72.756,-7.065,72.756,2022-02-20,2022,GY02216,1,-7.247698,72.45145,RFB,Immature Basic 1,2022-02-10T06:07:00Z,2022-02-23T14:51:37Z,9207.84038079826,767,38314.8860550687,12.005007015382347,50.906141113773856,72.756,-7.065
229275,2022-02-20T03:22:21Z,B,-7.065,73.134,-7.065,73.134,2022-02-20,2022,GY02216,1,-7.247698,72.45145,RFB,Immature Basic 1,2022-02-10T06:07:00Z,2022-02-23T14:51:37Z,42078.7675198568,4525,76928.5910325671,9.29917514250979,90,73.134,-7.065
229275,2022-02-20T03:41:53Z,B,-6.832,73.150,-6.832,73.150,2022-02-20,2022,GY02216,1,-7.247698,72.45145,RFB,Immature Basic 1,2022-02-10T06:07:00Z,2022-02-23T14:51:37Z,7804.0459447021,704,89337.7139135712,11.085292535088207,300.9637565320789,73.15,-6.832
229275,2022-02-20T05:04:12Z,0,-6.613,73.642,-6.613,73.642,2022-02-20,2022,GY02216,1,-7.247698,72.45145,RFB,Immature Basic 1,2022-02-10T06:07:00Z,2022-02-23T14:51:37Z,23091.9532366939,3327,149012.211386607,6.9407734405452075,67.89055165624777,73.642,-6.613
229275,2022-02-20T05:40:47Z,0,-6.585,73.859,-6.585,73.859,2022-02-20,2022,GY02216,1,-7.247698,72.45145,RFB,Immature Basic 1,2022-02-10T06:07:00Z,2022-02-23T14:51:37Z,24359.2616788173,2195,171909.831142082,11.09761352110128,82.64762064010748,73.859,-6.585
229275,2022-02-21T01:19:19Z,0,-6.610,74.249,-6.610,74.249,2022-02-21,2022,GY02216,1,-7.247698,72.45145,RFB,Immature Basic 1,2022-02-10T06:07:00Z,2022-02-23T14:51:37Z,43504.8990374258,70712,210832.798451933,0.6152406810361152,93.66778805553147,74.249,-6.61
229275,2022-02-21T01:59:43Z,1,-6.551,74.217,-6.551,74.217,2022-02-21,2022,GY02216,1,-7.247698,72.45145,RFB,Immature Basic 1,2022-02-10T06:07:00Z,2022-02-23T14:51:37Z,7510.00299546025,2424,209886.569113534,3.0981860542327766,331.52579638992836,74.217,-6.551
229275,2022-02-21T03:02:38Z,B,-6.497,74.277,-6.497,74.277,2022-02-21,2022,GY02216,1,-7.247698,72.45145,RFB,Immature Basic 1,2022-02-10T06:07:00Z,2022-02-23T14:51:37Z,11360.875654516,3451,218372.888771407,3.292053217767593,332.42543604030703,74.277,-6.497
229275,2022-02-21T03:35:38Z,B,-6.496,74.522,-6.496,74.522,2022-02-21,2022,GY02216,1,-7.247698,72.45145,RFB,Immature Basic 1,2022-02-10T06:07:00Z,2022-02-23T14:51:37Z,27273.5053719435,1980,243766.038974816,13.774497662597714,89.76614097412687,74.522,-6.496
229275,2022-02-21T04:43:23Z,1,-6.512,74.285,-6.512,74.285,2022-02-21,2022,GY02216,1,-7.247698,72.45145,RFB,Immature Basic 1,2022-02-10T06:07:00Z,2022-02-23T14:51:37Z,26443.5525341523,4065,218547.333954935,6.505178975191227,266.13779094613517,74.285,-6.512
229275,2022-02-21T05:34:15Z,1,-6.518,74.318,-6.518,74.318,2022-02-21,2022,GY02216,1,-7.247698,72.45145,RFB,Immature Basic 1,2022-02-10T06:07:00Z,2022-02-23T14:51:37Z,3734.54827099503,3052,221696.439989209,1.2236396693954894,100.30484646876603,74.318,-6.518
229275,2022-02-22T16:58:30Z,B,-6.958,73.892,-6.958,73.892,2022-02-22,2022,GY02216,1,-7.247698,72.45145,RFB,Immature Basic 1,2022-02-10T06:07:00Z,2022-02-23T14:51:37Z,68421.1399028036,127455,161764.658121419,0.5368258593448947,224.07382096460395,73.892,-6.958
229276,2022-02-10T12:05:55Z,2,-7.225,72.418,-7.225,72.418,2022-02-10,2022,GY02215,1,-7.250352,72.451638,RFB,Immature Basic 2,2022-02-10T05:18:00Z,2022-02-26T17:13:26Z,4673.46893663321,21670,4673.46893663321,0.21566538701583812,303.31063082456404,72.418,-7.225
229276,2022-02-10T13:03:49Z,0,-7.230,72.440,-7.230,72.440,2022-02-10,2022,GY02215,1,-7.250352,72.451638,RFB,Immature Basic 2,2022-02-10T05:18:00Z,2022-02-26T17:13:26Z,2512.47391338971,3474,2484.76356205571,0.7232221972912221,102.80426606529355,72.44,-7.23
229276,2022-02-10T13:37:06Z,B,-7.228,72.441,-7.228,72.441,2022-02-10,2022,GY02215,1,-7.250352,72.451638,RFB,Immature Basic 2,2022-02-10T05:18:00Z,2022-02-26T17:13:26Z,250.514793627225,1997,2611.7458423377,0.1254455651613547,26.565051177179768,72.441,-7.228
229276,2022-02-10T14:41:39Z,B,-7.229,72.417,-7.229,72.417,2022-02-10,2022,GY02215,1,-7.250352,72.451638,RFB,Immature Basic 2,2022-02-10T05:18:00Z,2022-02-26T17:13:26Z,352.306175927862,3821,4539.35671145191,0.0922026108159807,251.5650511770729,72.417,-7.229
229276,2022-02-10T15:01:35Z,3,-7.225,72.420,-7.225,72.420,2022-02-10,2022,GY02215,1,-7.250352,72.451638,RFB,Immature Basic 2,2022-02-10T05:18:00Z,2022-02-26T17:13:26Z,559.454206125989,1196,4489.54295597368,0.467771075356178,36.86989764584199,72.42,-7.225
229276,2022-02-10T15:16:15Z,3,-7.226,72.420,-7.226,72.420,2022-02-10,2022,GY02215,1,-7.250352,72.451638,RFB,Immature Basic 2,2022-02-10T05:18:00Z,2022-02-26T17:13:26Z,112.210574900615,880,4425.98884435117,0.12751201693251707,180,72.42,-7.226
229276,2022-02-10T16:04:56Z,3,-7.225,72.421,-7.225,72.421,2022-02-10,2022,GY02215,1,-7.250352,72.451638,RFB,Immature Basic 2,2022-02-10T05:18:00Z,2022-02-26T17:13:26Z,158.060881150848,2921,4398.92192094225,0.05411190727519623,45.000000000127216,72.421,-7.225
229276,2022-02-10T16:49:37Z,B,-7.224,72.422,-7.224,72.422,2022-02-10,2022,GY02215,1,-7.250352,72.451638,RFB,Immature Basic 2,2022-02-10T05:18:00Z,2022-02-26T17:13:26Z,158.060704892933,2681,4377.39831747211,0.05895587649866947,44.999999999745555,72.422,-7.224
229276,2022-02-10T17:01:24Z,3,-7.226,72.416,-7.226,72.416,2022-02-10,2022,GY02215,1,-7.250352,72.451638,RFB,Immature Basic 2,2022-02-10T05:18:00Z,2022-02-26T17:13:26Z,704.611798182806,707,4801.99389617039,0.9966220624933602,251.56505117708053,72.416,-7.226
229276,2022-02-10T17:45:38Z,0,-7.211,72.422,-7.211,72.422,2022-02-10,2022,GY02215,1,-7.250352,72.451638,RFB,Immature Basic 2,2022-02-10T05:18:00Z,2022-02-26T17:13:26Z,1810.81426295513,2654,5398.74212216675,0.6822962558233328,21.801409486352984,72.422,-7.211
229276,2022-02-11T12:28:39Z,2,-7.224,72.414,-7.224,72.414,2022-02-11,2022,GY02215,1,-7.250352,72.451638,RFB,Immature Basic 2,2022-02-10T05:18:00Z,2022-02-26T17:13:26Z,1709.07272844309,67381,5108.92868289092,0.025364312320136126,211.6075022462349,72.414,-7.224
229276,2022-02-11T13:23:32Z,1,-7.232,72.422,-7.232,72.422,2022-02-11,2022,GY02215,1,-7.250352,72.451638,RFB,Immature Basic 2,2022-02-10T05:18:00Z,2022-02-26T17:13:26Z,1264.49057574552,3293,3890.02539027608,0.38399349400106986,135.0000000000159,72.422,-7.232
229276,2022-02-11T14:11:57Z,A,-7.236,72.427,-7.236,72.427,2022-02-11,2022,GY02215,1,-7.250352,72.451638,RFB,Immature Basic 2,2022-02-10T05:18:00Z,2022-02-26T17:13:26Z,715.029872572965,2905,3192.22162060228,0.24613764976694133,128.659808254033,72.427,-7.236
229276,2022-02-11T14:49:50Z,3,-7.228,72.412,-7.228,72.412,2022-02-11,2022,GY02215,1,-7.250352,72.451638,RFB,Immature Basic 2,2022-02-10T05:18:00Z,2022-02-26T17:13:26Z,1895.80256469315,2273,5086.03627246227,0.8340530420999357,298.0724869358521,72.412,-7.228
229276,2022-02-11T14:53:11Z,2,-7.229,72.408,-7.229,72.408,2022-02-11,2022,GY02215,1,-7.250352,72.451638,RFB,Immature Basic 2,2022-02-10T05:18:00Z,2022-02-26T17:13:26Z,459.199134158053,201,5444.22157126479,2.284572806756485,255.96375653208548,72.408,-7.229
229276,2022-02-11T15:44:39Z,B,-7.224,72.407,-7.224,72.407,2022-02-11,2022,GY02215,1,-7.250352,72.451638,RFB,Immature Basic 2,2022-02-10T05:18:00Z,2022-02-26T17:13:26Z,571.991040473946,3088,5785.70735174252,0.1852302592208375,348.69006752592696,72.407,-7.224
229276,2022-02-11T16:29:05Z,B,-7.220,72.403,-7.220,72.403,2022-02-11,2022,GY02215,1,-7.250352,72.451638,RFB,Immature Basic 2,2022-02-10T05:18:00Z,2022-02-26T17:13:26Z,632.241057511796,2666,6391.55344398687,0.23714968398792066,315.00000000007,72.403,-7.22
229276,2022-02-11T16:32:36Z,A,-7.226,72.405,-7.226,72.405,2022-02-11,2022,GY02215,1,-7.250352,72.451638,RFB,Immature Basic 2,2022-02-10T05:18:00Z,2022-02-26T17:13:26Z,709.116897779134,211,5886.05916741826,3.360743591370304,161.5650511771187,72.405,-7.226
229276,2022-02-11T16:53:06Z,3,-7.227,72.405,-7.227,72.405,2022-02-11,2022,GY02215,1,-7.250352,72.451638,RFB,Immature Basic 2,2022-02-10T05:18:00Z,2022-02-26T17:13:26Z,112.210823213449,1230,5839.8848511837,0.0912283115556494,180,72.405,-7.227
229276,2022-02-11T17:23:31Z,3,-7.229,72.411,-7.229,72.411,2022-02-11,2022,GY02215,1,-7.250352,72.451638,RFB,Immature Basic 2,2022-02-10T05:18:00Z,2022-02-26T17:13:26Z,704.612272747034,1825,5138.60184681345,0.3860889165737174,108.43494882291947,72.411,-7.229
229276,2022-02-12T00:58:51Z,0,-7.226,72.400,-7.226,72.400,2022-02-12,2022,GY02215,1,-7.250352,72.451638,RFB,Immature Basic 2,2022-02-10T05:18:00Z,2022-02-26T17:13:26Z,1269.94387038768,27320,6395.59748442007,0.04648403625137933,285.255118703064,72.4,-7.226
229276,2022-02-12T01:10:50Z,3,-7.240,72.396,-7.240,72.396,2022-02-12,2022,GY02215,1,-7.250352,72.451638,RFB,Immature Basic 2,2022-02-10T05:18:00Z,2022-02-26T17:13:26Z,1632.86013027017,719,6408.40120658632,2.2710154802088662,195.94539590094107,72.396,-7.24
229276,2022-02-12T01:56:37Z,1,-7.374,72.247,-7.374,72.247,2022-02-12,2022,GY02215,1,-7.250352,72.451638,RFB,Immature Basic 2,2022-02-10T05:18:00Z,2022-02-26T17:13:26Z,22389.403535284,2747,26941.4630483752,8.150492732174737,228.03403964694527,72.247,-7.374
229276,2022-02-12T02:03:17Z,0,-7.384,72.278,-7.384,72.278,2022-02-12,2022,GY02215,1,-7.250352,72.451638,RFB,Immature Basic 2,2022-02-10T05:18:00Z,2022-02-26T17:13:26Z,3628.87393502652,400,24748.4739447361,9.0721848375663,107.87869659583929,72.278,-7.384
229276,2022-02-12T02:38:50Z,A,-7.538,72.120,-7.538,72.120,2022-02-12,2022,GY02215,1,-7.250352,72.451638,RFB,Immature Basic 2,2022-02-10T05:18:00Z,2022-02-26T17:13:26Z,24663.4247739525,2133,49334.1414678322,11.562787048266536,225.73452103425504,72.12,-7.538
229276,2022-02-12T03:31:17Z,B,-7.786,72.007,-7.786,72.007,2022-02-12,2022,GY02215,1,-7.250352,72.451638,RFB,Immature Basic 2,2022-02-10T05:18:00Z,2022-02-26T17:13:26Z,30564.493048687,3147,78193.6839432527,9.712263440955507,204.49615256085556,72.007,-7.786
229276,2022-02-12T04:04:01Z,B,-7.790,72.079,-7.790,72.079,2022-02-12,2022,GY02215,1,-7.250352,72.451638,RFB,Immature Basic 2,2022-02-10T05:18:00Z,2022-02-26T17:13:26Z,7981.19982263372,1651,73736.8799390275,4.83416100704647,209.44542872993304,72.079,-7.79
229276,2022-02-12T04:31:46Z,0,-7.951,71.973,-7.951,71.973,2022-02-12,2022,GY02215,1,-7.250352,72.451638,RFB,Immature Basic 2,2022-02-10T05:18:00Z,2022-02-26T17:13:26Z,21600.6723483131,1665,95333.4845848155,12.97337678577365,213.3603112848689,71.973,-7.951
229276,2022-02-12T05:18:40Z,A,-8.095,72.080,-8.095,72.080,2022-02-12,2022,GY02215,1,-7.250352,72.451638,RFB,Immature Basic 2,2022-02-10T05:18:00Z,2022-02-26T17:13:26Z,20098.3241728351,2814,103806.143913429,7.1422616108156145,143.38560023479752,72.08,-8.095
229276,2022-02-12T05:33:39Z,2,-8.081,72.006,-8.081,72.006,2022-02-12,2022,GY02215,1,-7.250352,72.451638,RFB,Immature Basic 2,2022-02-10T05:18:00Z,2022-02-26T17:13:26Z,8386.69409651386,899,105974.601104541,9.328914456633884,280.71312302279216,72.006,-8.081
229276,2022-02-13T00:28:08Z,2,-9.342,72.925,-5.106,91.845,2022-02-13,2022,GY02215,1,-7.250352,72.451638,RFB,Immature Basic 2,2022-02-10T05:18:00Z,2022-02-26T17:13:26Z,175026.117728114,68069,241369.426274931,2.571304378323676,143.91593288747396,72.925,-9.342
229276,2022-02-13T00:57:01Z,1,-9.407,72.915,-9.407,72.915,2022-02-13,2022,GY02215,1,-7.250352,72.451638,RFB,Immature Basic 2,2022-02-10T05:18:00Z,2022-02-26T17:13:26Z,7417.71645335894,1733,248299.434179764,4.280274929808965,188.74616226254744,72.915,-9.407
229276,2022-02-13T01:33:29Z,0,-9.490,73.039,-9.490,73.039,2022-02-13,2022,GY02215,1,-7.250352,72.451638,RFB,Immature Basic 2,2022-02-10T05:18:00Z,2022-02-26T17:13:26Z,16681.5120709458,2188,260578.736257682,7.624091440103186,123.79656513477174,73.039,-9.49
229276,2022-02-13T01:52:40Z,1,-9.572,72.956,-9.572,72.956,2022-02-13,2022,GY02215,1,-7.250352,72.451638,RFB,Immature Basic 2,2022-02-10T05:18:00Z,2022-02-26T17:13:26Z,13078.2878328072,1151,267464.182635395,11.362543729632687,225.34724289708558,72.956,-9.572
229276,2022-02-13T02:07:15Z,1,-9.689,72.957,-9.689,72.957,2022-02-13,2022,GY02215,1,-7.250352,72.451638,RFB,Immature Basic 2,2022-02-10T05:18:00Z,2022-02-26T17:13:26Z,13211.0266023648,875,280417.894373236,15.098316116988356,179.5103044068754,72.957,-9.689
229276,2022-02-13T03:12:32Z,2,-9.559,73.128,-9.559,73.128,2022-02-13,2022,GY02215,1,-7.250352,72.451638,RFB,Immature Basic 2,2022-02-10T05:18:00Z,2022-02-26T17:13:26Z,24037.5205738483,3917,270707.265536724,6.136717021661556,52.75667146259326,73.128,-9.559
229276,2022-02-13T03:25:54Z,1,-9.546,73.129,-9.546,73.129,2022-02-13,2022,GY02215,1,-7.250352,72.451638,RFB,Immature Basic 2,2022-02-10T05:18:00Z,2022-02-26T17:13:26Z,1471.71792514828,802,269328.81941352,1.8350597570427467,4.398705355016487,73.129,-9.546
229276,2022-02-13T03:50:05Z,1,-9.550,73.076,-9.550,73.076,2022-02-13,2022,GY02215,1,-7.250352,72.451638,RFB,Immature Basic 2,2022-02-10T05:18:00Z,2022-02-26T17:13:26Z,5917.18612588959,1451,268176.430371083,4.07800560019958,265.6839724801339,73.076,-9.55
229276,2022-02-13T04:12:18Z,1,-9.571,73.081,-9.571,73.081,2022-02-13,2022,GY02215,1,-7.250352,72.451638,RFB,Immature Basic 2,2022-02-10T05:18:00Z,2022-02-26T17:13:26Z,2435.10039668097,1333,270610.373746521,1.8267819930089793,166.60750224622336,73.081,-9.571
229276,2022-02-13T04:58:32Z,1,-9.506,73.037,-9.506,73.037,2022-02-13,2022,GY02215,1,-7.250352,72.451638,RFB,Immature Basic 2,2022-02-10T05:18:00Z,2022-02-26T17:13:26Z,8821.88134178961,2774,262272.21609681,3.1802023582514805,325.9050220452361,73.037,-9.506
229276,2022-02-13T05:25:18Z,1,-9.488,73.054,-9.488,73.054,2022-02-13,2022,GY02215,1,-7.250352,72.451638,RFB,Immature Basic 2,2022-02-10T05:18:00Z,2022-02-26T17:13:26Z,2776.45029667722,1606,260783.579035635,1.7287984412685031,43.36342295837532,73.054,-9.488
229276,2022-02-13T05:48:35Z,0,-9.495,73.047,-9.495,73.047,2022-02-13,2022,GY02215,1,-7.250352,72.451638,RFB,Immature Basic 2,2022-02-10T05:18:00Z,2022-02-26T17:13:26Z,1109.68098399335,1397,261349.027597087,0.794331413023158,225.0000000000218,73.047,-9.495
229276,2022-02-13T11:30:30Z,0,-9.319,72.800,-9.319,72.800,2022-02-13,2022,GY02215,1,-7.250352,72.451638,RFB,Immature Basic 2,2022-02-10T05:18:00Z,2022-02-26T17:13:26Z,33917.8005191822,20515,236166.857489129,1.653317110367154,305.4717953608575,72.8,-9.319
229276,2022-02-18T11:37:31Z,B,-8.255,72.368,-15.105,107.944,2022-02-18,2022,GY02215,1,-7.250352,72.451638,RFB,Immature Basic 2,2022-02-10T05:18:00Z,2022-02-26T17:13:26Z,245585.451526852,85404,113529.002840609,2.8755731760438845,313.0416169993383,72.368,-8.255
229276,2022-02-18T12:10:57Z,0,-8.157,72.365,-8.157,72.365,2022-02-18,2022,GY02215,1,-7.250352,72.451638,RFB,Immature Basic 2,2022-02-10T05:18:00Z,2022-02-26T17:13:26Z,11027.22234423,2006,102580.655998819,5.497119812676982,358.2465951399284,72.365,-8.157
229276,2022-02-18T13:09:53Z,1,-7.846,72.301,-7.846,72.301,2022-02-18,2022,GY02215,1,-7.250352,72.451638,RFB,Immature Basic 2,2022-02-10T05:18:00Z,2022-02-26T17:13:26Z,35679.3094205922,3536,69250.063369374,10.090302437950283,348.3715643116538,72.301,-7.846
229276,2022-02-18T13:28:29Z,0,-7.806,72.315,-7.806,72.315,2022-02-18,2022,GY02215,1,-7.250352,72.451638,RFB,Immature Basic 2,2022-02-10T05:18:00Z,2022-02-26T17:13:26Z,4757.16781518913,1116,64512.1803513955,4.262695174900657,19.290046219183353,72.315,-7.806
229276,2022-02-18T13:36:28Z,B,-7.805,72.294,-7.805,72.294,2022-02-18,2022,GY02215,1,-7.250352,72.451638,RFB,Immature Basic 2,2022-02-10T05:18:00Z,2022-02-26T17:13:26Z,2340.4080182196,479,65000.3300378598,4.886029265594154,272.7263109939071,72.294,-7.805
229276,2022-02-18T15:08:06Z,0,-7.289,72.372,-7.289,72.372,2022-02-18,2022,GY02215,1,-7.250352,72.451638,RFB,Immature Basic 2,2022-02-10T05:18:00Z,2022-02-26T17:13:26Z,37665.730365848,4543,10122.9428995818,8.290937786891472,10.472824019116432,72.372,-7.289
229276,2022-02-18T15:15:39Z,1,-7.256,72.402,-7.256,72.402,2022-02-18,2022,GY02215,1,-7.250352,72.451638,RFB,Immature Basic 2,2022-02-10T05:18:00Z,2022-02-26T17:13:26Z,4986.73433498494,453,5747.8343604714,11.008243565088165,42.273689006095275,72.402,-7.256
229276,2022-02-18T16:37:56Z,1,-7.220,72.430,-7.220,72.430,2022-02-18,2022,GY02215,1,-7.250352,72.451638,RFB,Immature Basic 2,2022-02-10T05:18:00Z,2022-02-26T17:13:26Z,5102.39816520522,4937,4053.05640329356,1.0335017551560104,37.87498365110359,72.43,-7.22
229276,2022-02-18T17:07:10Z,3,-7.228,72.410,-7.228,72.410,2022-02-18,2022,GY02215,1,-7.250352,72.451638,RFB,Immature Basic 2,2022-02-10T05:18:00Z,2022-02-26T17:13:26Z,2400.55075022217,1754,5286.74056881249,1.3686150229316836,248.19859051365827,72.41,-7.228
229276,2022-02-19T12:55:45Z,2,-7.248,72.457,-7.248,72.457,2022-02-19,2022,GY02215,1,-7.250352,72.451638,RFB,Immature Basic 2,2022-02-10T05:18:00Z,2022-02-26T17:13:26Z,5693.04455391784,71315,445.277963172644,0.07982955274371221,113.0513009164748,72.457,-7.248
229276,2022-02-19T13:21:30Z,3,-7.250,72.453,-7.250,72.453,2022-02-19,2022,GY02215,1,-7.250352,72.451638,RFB,Immature Basic 2,2022-02-10T05:18:00Z,2022-02-26T17:13:26Z,498.64071611966,1545,224.432839141577,0.32274480007745004,243.43494882287112,72.453,-7.25
229276,2022-02-19T14:50:35Z,3,-7.249,72.458,-7.249,72.458,2022-02-19,2022,GY02215,1,-7.250352,72.451638,RFB,Immature Basic 2,2022-02-10T05:18:00Z,2022-02-26T17:13:26Z,567.796863798478,5345,567.796814562855,0.10622953485471996,78.69006752596609,72.458,-7.249
229276,2022-02-19T14:54:28Z,3,-7.250,72.455,-7.250,72.455,2022-02-19,2022,GY02215,1,-7.250352,72.451638,RFB,Immature Basic 2,2022-02-10T05:18:00Z,2022-02-26T17:13:26Z,352.307839895444,233,316.130060903647,1.5120508150019072,251.5650511770729,72.455,-7.25
229276,2022-02-19T16:19:25Z,3,-7.251,72.449,-7.251,72.449,2022-02-19,2022,GY02215,1,-7.250352,72.451638,RFB,Immature Basic 2,2022-02-10T05:18:00Z,2022-02-26T17:13:26Z,677.278121448556,5097,558.216301718984,0.13287779506544165,260.53767779197165,72.449,-7.251
229276,2022-02-19T17:00:45Z,3,-7.250,72.450,-7.250,72.450,2022-02-19,2022,GY02215,1,-7.250352,72.451638,RFB,Immature Basic 2,2022-02-10T05:18:00Z,2022-02-26T17:13:26Z,158.06529577168,2480,402.365953528085,0.06373600635954825,45.000000000127216,72.45,-7.25
229276,2022-02-19T18:00:01Z,B,-7.220,72.468,-7.220,72.468,2022-02-19,2022,GY02215,1,-7.250352,72.451638,RFB,Immature Basic 2,2022-02-10T05:18:00Z,2022-02-26T17:13:26Z,3917.59955009473,3556,3558.10193544592,1.1016871625688203,30.96375653207427,72.468,-7.22
229276,2022-02-20T00:11:28Z,3,-7.250,72.451,-7.250,72.451,2022-02-20,2022,GY02215,1,-7.250352,72.451638,RFB,Immature Basic 2,2022-02-10T05:18:00Z,2022-02-26T17:13:26Z,3861.84738419885,22287,316.130060904303,0.17327802684070776,209.5387822595725,72.451,-7.25
229276,2022-02-20T00:45:44Z,A,-7.251,72.452,-7.251,72.452,2022-02-20,2022,GY02215,1,-7.250352,72.451638,RFB,Immature Basic 2,2022-02-10T05:18:00Z,2022-02-26T17:13:26Z,158.06529577168,2056,354.577218738162,0.07688000767105042,134.99999999987278,72.452,-7.251
229276,2022-02-20T01:50:28Z,0,-7.116,72.642,-7.116,72.642,2022-02-20,2022,GY02215,1,-7.250352,72.451638,RFB,Immature Basic 2,2022-02-10T05:18:00Z,2022-02-26T17:13:26Z,26015.0858734756,3884,25729.4182684188,6.698013870616782,54.60520415501248,72.642,-7.116
229276,2022-02-20T02:06:55Z,1,-7.044,72.743,-7.044,72.743,2022-02-20,2022,GY02215,1,-7.250352,72.451638,RFB,Immature Basic 2,2022-02-10T05:18:00Z,2022-02-26T17:13:26Z,9782.10641065186,847,39572.5010311279,11.54912209049806,51.95295746816911,72.743,-7.044
229276,2022-02-20T03:21:56Z,0,-6.903,73.008,-6.903,73.008,2022-02-20,2022,GY02215,1,-7.250352,72.451638,RFB,Immature Basic 2,2022-02-10T05:18:00Z,2022-02-26T17:13:26Z,33470.6165850589,4501,72902.293855255,7.43626229394776,61.98365235591439,73.008,-6.903
229276,2022-02-20T04:07:28Z,A,-6.646,73.194,-6.646,73.194,2022-02-20,2022,GY02215,1,-7.250352,72.451638,RFB,Immature Basic 2,2022-02-10T05:18:00Z,2022-02-26T17:13:26Z,28875.4360502209,1482,106592.052445973,19.48409989893448,62.14873119081174,73.194,-6.646
229276,2022-02-20T05:04:17Z,2,-6.635,73.154,-6.635,73.154,2022-02-20,2022,GY02215,1,-7.250352,72.451638,RFB,Immature Basic 2,2022-02-10T05:18:00Z,2022-02-26T17:13:26Z,22474.5684385182,3055,103995.502142229,7.356650880038705,58.59739076026592,73.154,-6.635
229276,2022-02-20T05:46:37Z,0,-6.546,73.265,-6.546,73.265,2022-02-20,2022,GY02215,1,-7.250352,72.451638,RFB,Immature Basic 2,2022-02-10T05:18:00Z,2022-02-26T17:13:26Z,15879.2231951835,2540,119861.931649436,6.251662675269086,51.27729848959877,73.265,-6.546
229276,2022-02-20T23:40:33Z,B,-5.959,74.249,-5.959,74.249,2022-02-20,2022,GY02215,1,-7.250352,72.451638,RFB,Immature Basic 2,2022-02-10T05:18:00Z,2022-02-26T17:13:26Z,127749.205307997,64436,246654.381262344,1.9825750404742233,59.182033940845535,74.249,-5.959
229276,2022-02-21T00:29:44Z,1,-6.006,74.223,-6.006,74.223,2022-02-21,2022,GY02215,1,-7.250352,72.451638,RFB,Immature Basic 2,2022-02-10T05:18:00Z,2022-02-26T17:13:26Z,6004.30086002685,2951,241241.141871571,2.034666506278159,208.950995207463,74.223,-6.006
229276,2022-02-21T01:18:14Z,1,-5.936,74.246,-5.936,74.246,2022-02-21,2022,GY02215,1,-7.250352,72.451638,RFB,Immature Basic 2,2022-02-10T05:18:00Z,2022-02-26T17:13:26Z,8242.60856835528,2910,247901.764236991,2.832511535517279,18.189045699648386,74.246,-5.936
229276,2022-02-21T01:27:22Z,0,-5.909,74.256,-5.909,74.256,2022-02-21,2022,GY02215,1,-7.250352,72.451638,RFB,Immature Basic 2,2022-02-10T05:18:00Z,2022-02-26T17:13:26Z,3220.28071347218,548,250596.466651873,5.87642465962077,20.323136829672396,74.256,-5.909
229276,2022-02-21T01:57:11Z,0,-5.758,74.315,-5.758,74.315,2022-02-21,2022,GY02215,1,-7.250352,72.451638,RFB,Immature Basic 2,2022-02-10T05:18:00Z,2022-02-26T17:13:26Z,18128.3416041895,1789,266147.203413012,10.133226162207668,21.342003001236506,74.315,-5.758
229276,2022-02-21T03:01:08Z,B,-5.677,74.475,-5.677,74.475,2022-02-21,2022,GY02215,1,-7.250352,72.451638,RFB,Immature Basic 2,2022-02-10T05:18:00Z,2022-02-26T17:13:26Z,15072.0568864622,3559,285732.485439757,4.234913426935147,45.29997516230056,74.475,-5.677
229276,2022-02-21T03:30:12Z,1,-5.782,74.318,-5.782,74.318,2022-02-21,2022,GY02215,1,-7.250352,72.451638,RFB,Immature Basic 2,2022-02-10T05:18:00Z,2022-02-26T17:13:26Z,1344.30361442344,1185,264732.911196049,1.1344334298931982,41.633539336553355,74.318,-5.782
229276,2022-02-21T04:44:26Z,0,-5.646,74.201,-5.646,74.201,2022-02-21,2022,GY02215,1,-7.250352,72.451638,RFB,Immature Basic 2,2022-02-10T05:18:00Z,2022-02-26T17:13:26Z,20028.2887119763,4454,264716.983952513,4.49669706151242,319.2947832570216,74.201,-5.646
229276,2022-02-21T05:33:52Z,0,-5.385,74.185,-5.385,74.185,2022-02-21,2022,GY02215,1,-7.250352,72.451638,RFB,Immature Basic 2,2022-02-10T05:18:00Z,2022-02-26T17:13:26Z,29243.8436893003,2966,284103.325082366,9.859691061800506,356.4920050242681,74.185,-5.385
229276,2022-02-21T12:16:54Z,0,-5.679,74.587,-9.414,91.332,2022-02-21,2022,GY02215,1,-7.250352,72.451638,RFB,Immature Basic 2,2022-02-10T05:18:00Z,2022-02-26T17:13:26Z,55531.6924734547,24182,295520.705541451,2.296406106751084,126.17962044797893,74.587,-5.679
229276,2022-02-21T12:23:09Z,B,-5.678,74.586,-5.678,74.586,2022-02-21,2022,GY02215,1,-7.250352,72.451638,RFB,Immature Basic 2,2022-02-10T05:18:00Z,2022-02-26T17:13:26Z,157.818187423362,375,295497.804255512,0.4208484997956321,314.9999999998728,74.586,-5.678
229276,2022-02-22T11:49:33Z,B,-6.722,73.668,-6.722,73.668,2022-02-22,2022,GY02215,1,-7.250352,72.451638,RFB,Immature Basic 2,2022-02-10T05:18:00Z,2022-02-26T17:13:26Z,155271.900897865,84384,147558.43300795,1.8400632927790264,221.32550047917007,73.668,-6.722
229276,2022-02-22T12:11:33Z,B,-6.737,73.594,-6.737,73.594,2022-02-22,2022,GY02215,1,-7.250352,72.451638,RFB,Immature Basic 2,2022-02-10T05:18:00Z,2022-02-26T17:13:26Z,8407.48340610176,1320,139346.569476,6.369305610683148,258.54124765412485,73.594,-6.737
229276,2022-02-22T13:42:01Z,A,-7.204,72.797,-7.204,72.797,2022-02-22,2022,GY02215,1,-7.250352,72.451638,RFB,Immature Basic 2,2022-02-10T05:18:00Z,2022-02-26T17:13:26Z,16298.6129514287,1162,38610.8765910185,14.02634505286462,233.9149269571502,72.797,-7.204
229276,2022-02-22T14:20:48Z,1,-7.284,72.548,-7.284,72.548,2022-02-22,2022,GY02215,1,-7.250352,72.451638,RFB,Immature Basic 2,2022-02-10T05:18:00Z,2022-02-26T17:13:26Z,29136.0356904602,2327,11320.7423816279,12.52085762374741,252.1885598347216,72.548,-7.284
229276,2022-02-22T15:13:40Z,3,-7.249,72.455,-7.249,72.455,2022-02-22,2022,GY02215,1,-7.250352,72.451638,RFB,Immature Basic 2,2022-02-10T05:18:00Z,2022-02-26T17:13:26Z,11072.745937548,3172,249.320301995779,3.4907774078020117,290.6235313833246,72.455,-7.249
229276,2022-02-22T16:00:32Z,1,-7.259,72.453,-7.259,72.453,2022-02-22,2022,GY02215,1,-7.250352,72.451638,RFB,Immature Basic 2,2022-02-10T05:18:00Z,2022-02-26T17:13:26Z,5682.83018665955,2568,1234.39295272913,2.212940103839389,22.011283197925206,72.453,-7.259
229276,2022-02-22T16:06:47Z,B,-7.259,72.453,-7.259,72.453,2022-02-22,2022,GY02215,1,-7.250352,72.451638,RFB,Immature Basic 2,2022-02-10T05:18:00Z,2022-02-26T17:13:26Z,0,375,1234.39295272913,0,0,72.453,-7.259
229276,2022-02-22T16:23:43Z,B,-7.246,72.450,-7.246,72.450,2022-02-22,2022,GY02215,1,-7.250352,72.451638,RFB,Immature Basic 2,2022-02-10T05:18:00Z,2022-02-26T17:13:26Z,1496.56207532075,1016,402.365397779844,1.4729941686227885,347.00538320808295,72.45,-7.246
229276,2022-02-22T16:55:04Z,3,-7.247,72.453,-7.247,72.453,2022-02-22,2022,GY02215,1,-7.250352,72.451638,RFB,Immature Basic 2,2022-02-10T05:18:00Z,2022-02-26T17:13:26Z,352.307601876503,1881,112.216045920504,0.18729803395879988,108.43494882291184,72.453,-7.247
229276,2022-02-22T17:42:15Z,B,-7.254,72.421,-7.254,72.421,2022-02-22,2022,GY02215,1,-7.250352,72.451638,RFB,Immature Basic 2,2022-02-10T05:18:00Z,2022-02-26T17:13:26Z,3647.80420994785,2831,3625.29621511915,1.288521444700759,257.66091272167307,72.421,-7.254
229276,2022-02-22T18:00:28Z,3,-7.247,72.452,-7.247,72.452,2022-02-22,2022,GY02215,1,-7.250352,72.451638,RFB,Immature Basic 2,2022-02-10T05:18:00Z,2022-02-26T17:13:26Z,3539.17754926118,1093,158.064765183394,3.238039843788818,77.27564431457492,72.452,-7.247
229276,2022-02-23T12:55:49Z,2,-7.247,72.432,-7.247,72.432,2022-02-23,2022,GY02215,1,-7.250352,72.451638,RFB,Immature Basic 2,2022-02-10T05:18:00Z,2022-02-26T17:13:26Z,2226.38981586508,68121,2340.40108601039,0.03268287041976901,270,72.432,-7.247
229276,2022-02-23T13:27:08Z,B,-7.264,72.424,-7.264,72.424,2022-02-23,2022,GY02215,1,-7.250352,72.451638,RFB,Immature Basic 2,2022-02-10T05:18:00Z,2022-02-26T17:13:26Z,2105.33480412498,1879,3693.97929530318,1.1204549250266012,205.20112364546236,72.424,-7.264
229276,2022-02-23T14:10:20Z,3,-7.250,72.449,-7.250,72.449,2022-02-23,2022,GY02215,1,-7.250352,72.451638,RFB,Immature Basic 2,2022-02-10T05:18:00Z,2022-02-26T17:13:26Z,3195.81613069538,2592,498.64071611966,1.2329537541263023,60.75117366344429,72.449,-7.25
229276,2022-02-23T14:48:08Z,3,-7.249,72.456,-7.249,72.456,2022-02-23,2022,GY02215,1,-7.250352,72.451638,RFB,Immature Basic 2,2022-02-10T05:18:00Z,2022-02-26T17:13:26Z,787.275031530005,2268,352.307760544856,0.34712302977513454,81.86989764584709,72.456,-7.249
229276,2022-02-23T15:53:11Z,A,-7.257,72.422,-7.257,72.422,2022-02-23,2022,GY02215,1,-7.250352,72.451638,RFB,Immature Basic 2,2022-02-10T05:18:00Z,2022-02-26T17:13:26Z,3889.87422245776,3903,3595.65713963206,0.9966370029356302,256.75948008481504,72.422,-7.257
229276,2022-02-23T16:33:19Z,3,-7.252,72.446,-7.252,72.446,2022-02-23,2022,GY02215,1,-7.250352,72.451638,RFB,Immature Basic 2,2022-02-10T05:18:00Z,2022-02-26T17:13:26Z,2729.95046349557,2408,899.272324908713,1.133700358594506,78.23171106798003,72.446,-7.252
229276,2022-02-23T17:47:25Z,B,-7.256,72.444,-7.256,72.444,2022-02-23,2022,GY02215,1,-7.250352,72.451638,RFB,Immature Basic 2,2022-02-10T05:18:00Z,2022-02-26T17:13:26Z,501.051881404865,4446,1345.24595469899,0.11269722928584448,206.565051177022,72.444,-7.256
229276,2022-02-23T23:47:29Z,B,-7.241,72.445,-7.241,72.445,2022-02-23,2022,GY02215,1,-7.250352,72.451638,RFB,Immature Basic 2,2022-02-10T05:18:00Z,2022-02-26T17:13:26Z,1686.9214090782,21604,1187.48105265458,0.0780837534289114,3.8140748342543267,72.445,-7.241
229276,2022-02-24T01:14:56Z,A,-7.176,72.585,-7.176,72.585,2022-02-24,2022,GY02215,1,-7.250352,72.451638,RFB,Immature Basic 2,2022-02-10T05:18:00Z,2022-02-26T17:13:26Z,17206.907129102,5247,16768.6515740504,3.279380051286824,65.09523119190507,72.585,-7.176
229276,2022-02-24T01:51:21Z,0,-7.093,72.756,-7.093,72.756,2022-02-24,2022,GY02215,1,-7.250352,72.451638,RFB,Immature Basic 2,2022-02-10T05:18:00Z,2022-02-26T17:13:26Z,15758.7742380041,1619,37949.0519042484,9.73364684249789,64.8851651138556,72.756,-7.093
229276,2022-02-24T02:55:46Z,1,-6.921,72.921,-6.921,72.921,2022-02-24,2022,GY02215,1,-7.250352,72.451638,RFB,Immature Basic 2,2022-02-10T05:18:00Z,2022-02-26T17:13:26Z,26636.7641090439,3865,63715.6948538133,6.891788902728055,43.810051067858694,72.921,-6.921
229276,2022-02-24T03:34:24Z,1,-6.903,72.877,-6.903,72.877,2022-02-24,2022,GY02215,1,-7.250352,72.451638,RFB,Immature Basic 2,2022-02-10T05:18:00Z,2022-02-26T17:13:26Z,5297.63995770207,2318,61036.7030419299,2.285435702201066,292.249023657208,72.877,-6.903
229276,2022-02-24T03:41:42Z,0,-6.917,72.863,-6.917,72.863,2022-02-24,2022,GY02215,1,-7.250352,72.451638,RFB,Immature Basic 2,2022-02-10T05:18:00Z,2022-02-26T17:13:26Z,2212.09131819189,438,58836.6035352785,5.050436799524859,224.99999999999093,72.863,-6.917
229276,2022-02-24T04:29:55Z,0,-6.947,72.841,-6.947,72.841,2022-02-24,2022,GY02215,1,-7.250352,72.451638,RFB,Immature Basic 2,2022-02-10T05:18:00Z,2022-02-26T17:13:26Z,4161.18086445653,2893,54824.1240220401,1.438361861201705,216.25383773745148,72.841,-6.947
229276,2022-02-24T05:00:22Z,2,-6.936,72.829,-6.936,72.829,2022-02-24,2022,GY02215,1,-7.250352,72.451638,RFB,Immature Basic 2,2022-02-10T05:18:00Z,2022-02-26T17:13:26Z,1818.27206330492,1827,54560.9796299998,0.995222804217254,312.5104470780001,72.829,-6.936
229276,2022-02-24T05:21:55Z,0,-6.965,72.882,-6.965,72.882,2022-02-24,2022,GY02215,1,-7.250352,72.451638,RFB,Immature Basic 2,2022-02-10T05:18:00Z,2022-02-26T17:13:26Z,6736.8975114567,1293,57345.7468590553,5.2102842315983775,118.68614757373415,72.882,-6.965
229276,2022-02-25T00:50:35Z,1,-7.246,72.437,-7.246,72.437,2022-02-25,2022,GY02215,1,-7.250352,72.451638,RFB,Immature Basic 2,2022-02-10T05:18:00Z,2022-02-26T17:13:26Z,58716.4794646587,70120,1795.19611292525,0.8373713557424236,237.72920017509693,72.437,-7.246
229276,2022-02-25T01:02:42Z,1,-7.233,72.508,-7.233,72.508,2022-02-25,2022,GY02215,1,-7.250352,72.451638,RFB,Immature Basic 2,2022-02-10T05:18:00Z,2022-02-26T17:13:26Z,8037.180185984,727,6349.73220324379,11.055268481408529,79.62415507994804,72.508,-7.233
229276,2022-02-25T01:07:54Z,B,-7.234,72.507,-7.234,72.507,2022-02-25,2022,GY02215,1,-7.250352,72.451638,RFB,Immature Basic 2,2022-02-10T05:18:00Z,2022-02-26T17:13:26Z,158.062292112316,312,6213.14766534525,0.5066099106163988,224.9999999997201,72.507,-7.234
229276,2022-02-25T01:24:54Z,A,-7.225,72.540,-7.225,72.540,2022-02-25,2022,GY02215,1,-7.250352,72.451638,RFB,Immature Basic 2,2022-02-10T05:18:00Z,2022-02-26T17:13:26Z,3809.83279663682,1020,10022.7912315388,3.735130192781194,74.74488129694222,72.54,-7.225
229276,2022-02-25T02:33:04Z,B,-7.145,72.556,-7.145,72.556,2022-02-25,2022,GY02215,1,-7.250352,72.451638,RFB,Immature Basic 2,2022-02-10T05:18:00Z,2022-02-26T17:13:26Z,9151.05107671655,4090,16279.7464749921,2.2374208011531893,11.309932474014097,72.556,-7.145
229276,2022-02-25T03:10:02Z,1,-6.902,72.582,-6.902,72.582,2022-02-25,2022,GY02215,1,-7.250352,72.451638,RFB,Immature Basic 2,2022-02-10T05:18:00Z,2022-02-26T17:13:26Z,3382.33320996122,1657,41383.5362008797,2.0412391128311533,287.24145939893305,72.582,-6.902
229276,2022-02-25T03:19:39Z,A,-6.854,72.550,-6.854,72.550,2022-02-25,2022,GY02215,1,-7.250352,72.451638,RFB,Immature Basic 2,2022-02-10T05:18:00Z,2022-02-26T17:13:26Z,6454.15348104128,577,45494.2153235282,11.185707939412966,326.3099324740231,72.55,-6.854
229276,2022-02-25T04:10:47Z,1,-6.904,72.558,-6.904,72.558,2022-02-25,2022,GY02215,1,-7.250352,72.451638,RFB,Immature Basic 2,2022-02-10T05:18:00Z,2022-02-26T17:13:26Z,5676.62394607172,3068,40319.2925302693,1.8502685613010812,170.90972307916672,72.558,-6.904
229276,2022-02-25T04:49:04Z,1,-6.931,72.543,-6.931,72.543,2022-02-25,2022,GY02215,1,-7.250352,72.451638,RFB,Immature Basic 2,2022-02-10T05:18:00Z,2022-02-26T17:13:26Z,3457.59556959174,2297,36944.5951384901,1.5052658117508655,209.05460409907792,72.543,-6.931
229276,2022-02-25T05:01:22Z,1,-6.913,72.537,-6.913,72.537,2022-02-25,2022,GY02215,1,-7.250352,72.451638,RFB,Immature Basic 2,2022-02-10T05:18:00Z,2022-02-26T17:13:26Z,2126.10124136217,738,38724.5906684762,2.880895991005647,341.5650511770771,72.537,-6.913
229276,2022-02-25T11:51:43Z,A,-6.852,72.585,-6.852,72.585,2022-02-25,2022,GY02215,1,-7.250352,72.451638,RFB,Immature Basic 2,2022-02-10T05:18:00Z,2022-02-26T17:13:26Z,8679.50351047676,24621,46785.8561064139,0.35252441048197736,38.19868517601127,72.585,-6.852
229276,2022-02-26T11:22:58Z,B,-6.516,72.063,-6.516,72.063,2022-02-26,2022,GY02215,1,-7.250352,72.451638,RFB,Immature Basic 2,2022-02-10T05:18:00Z,2022-02-26T17:13:26Z,69244.9102665511,84675,92852.5375979768,0.8177727814177865,302.7684990787703,72.063,-6.516
229276,2022-02-26T12:43:18Z,0,-7.219,72.458,-8.030,76.525,2022-02-26,2022,GY02215,1,-7.250352,72.451638,RFB,Immature Basic 2,2022-02-10T05:18:00Z,2022-02-26T17:13:26Z,90258.6987656215,4820,3301.42186189367,18.725871113199478,150.6693403183653,72.458,-7.219
229276,2022-02-26T12:54:53Z,1,-7.261,72.499,-7.057,71.587,2022-02-26,2022,GY02215,1,-7.250352,72.451638,RFB,Immature Basic 2,2022-02-10T05:18:00Z,2022-02-26T17:13:26Z,6560.74146207263,695,5324.44571038475,9.43991577276637,135.69027719786718,72.499,-7.261
229276,2022-02-26T15:14:10Z,3,-7.249,72.452,-7.249,72.452,2022-02-26,2022,GY02215,1,-7.250352,72.451638,RFB,Immature Basic 2,2022-02-10T05:18:00Z,2022-02-26T17:13:26Z,5402.53311305612,8357,158.064942020425,0.6464680044341415,284.32271997820493,72.452,-7.249
229276,2022-02-26T15:14:45Z,3,-7.249,72.453,-7.249,72.453,2022-02-26,2022,GY02215,1,-7.250352,72.451638,RFB,Immature Basic 2,2022-02-10T05:18:00Z,2022-02-26T17:13:26Z,111.319490793161,35,112.216295008664,3.1805568798046027,90,72.453,-7.249
229276,2022-02-26T17:12:39Z,A,-7.253,72.444,-7.253,72.444,2022-02-26,2022,GY02215,1,-7.250352,72.451638,RFB,Immature Basic 2,2022-02-10T05:18:00Z,2022-02-26T17:13:26Z,1097.83265487036,7074,1148.28984541508,0.1551926286217648,246.03751102542023,72.444,-7.253
