TagID,DateTime,lc,Lat,Lon,Lat2,Lon2,Date,Year,ID,DeployID,DeployLat,DeployLon,Species,Age,Deploydatetime,Retrievedatetime,geometry_first,dist,difftime,netdisp,speed,turnangle
229275,2022-02-10T12:59:50Z,A,-7.255,72.470,-7.255,72.470,2022-02-10,2022,GY02216,1,-7.247698,72.45145,RFB,Immature Basic 1,2022-02-10T06:07:00Z,2022-02-23T14:51:37Z,"c(8067323.49778854, -809789.77344)",NA,NA,0,NA,NA
229275,2022-02-10T14:42:30Z,B,-7.261,72.476,-7.261,72.476,2022-02-10,2022,GY02216,1,-7.247698,72.45145,RFB,Immature Basic 1,2022-02-10T06:07:00Z,2022-02-23T14:51:37Z,"c(8067323.49778854, -809789.77344)",948.39973962407,6160,948.39973962407,0.15396099669221908,135
229275,2022-02-10T15:00:42Z,3,-7.249,72.448,-7.249,72.448,2022-02-10,2022,GY02216,1,-7.247698,72.45145,RFB,Immature Basic 1,2022-02-10T06:07:00Z,2022-02-23T14:51:37Z,"c(8067323.49778854, -809789.77344)",3395.39727708895,1092,2539.89743581381,3.109338165832368,293.19859051364466
229275,2022-02-10T15:15:24Z,3,-7.250,72.452,-7.250,72.452,2022-02-10,2022,GY02216,1,-7.247698,72.45145,RFB,Immature Basic 1,2022-02-10T06:07:00Z,2022-02-23T14:51:37Z,"c(8067323.49778854, -809789.77344)",459.200410785935,882,2080.82565825955,0.5206353863786112,104.03624346791452
229275,2022-02-10T16:03:10Z,B,-7.252,72.458,-7.252,72.458,2022-02-10,2022,GY02216,1,-7.247698,72.45145,RFB,Immature Basic 1,2022-02-10T06:07:00Z,2022-02-23T14:51:37Z,"c(8067323.49778854, -809789.77344)",704.61591788675,2866,1377.60196317535,0.24585342564087567,108.43494882291947
229275,2022-02-10T16:51:55Z,B,-7.250,72.458,-7.250,72.458,2022-02-10,2022,GY02216,1,-7.247698,72.45145,RFB,Immature Basic 1,2022-02-10T06:07:00Z,2022-02-23T14:51:37Z,"c(8067323.49778854, -809789.77344)",224.43383577792,2925,1448.88584594699,0.07672951650527171,0
229275,2022-02-10T17:00:47Z,3,-7.251,72.449,-7.251,72.449,2022-02-10,2022,GY02216,1,-7.247698,72.45145,RFB,Immature Basic 1,2022-02-10T06:07:00Z,2022-02-23T14:51:37Z,"c(8067323.49778854, -809789.77344)",1008.14034745413,532,2380.4135731023,1.895000653109274,263.65980825408826
229275,2022-02-10T17:43:19Z,A,-7.248,72.449,-7.248,72.449,2022-02-10,2022,GY02216,1,-7.247698,72.45145,RFB,Immature Basic 1,2022-02-10T06:07:00Z,2022-02-23T14:51:37Z,"c(8067323.49778854, -809789.77344)",336.649632433662,2552,2466.15599056609,0.13191600016993033,0
229275,2022-02-11T12:33:58Z,0,-7.587,74.607,-7.587,74.607,2022-02-11,2022,GY02216,1,-7.247698,72.45145,RFB,Immature Basic 1,2022-02-10T06:07:00Z,2022-02-23T14:51:37Z,"c(8067323.49778854, -809789.77344)",243223.105015071,67839,240791.631140336,3.585299090715821,98.92762886780105
229275,2022-02-11T13:13:01Z,B,-7.600,74.631,-7.600,74.631,2022-02-11,2022,GY02216,1,-7.247698,72.45145,RFB,Immature Basic 1,2022-02-10T06:07:00Z,2022-02-23T14:51:37Z,"c(8067323.49778854, -809789.77344)",3044.54946719458,2343,243659.249196739,1.2994235882179155,118.44292862436227
229275,2022-02-11T13:24:11Z,3,-7.638,74.659,-7.638,74.659,2022-02-11,2022,GY02216,1,-7.247698,72.45145,RFB,Immature Basic 1,2022-02-10T06:07:00Z,2022-02-23T14:51:37Z,"c(8067323.49778854, -809789.77344)",5284.84877221395,670,247442.883488349,7.887833988379028,143.61564818415863
229275,2022-02-11T14:06:46Z,1,-7.653,74.630,-7.653,74.630,2022-02-11,2022,GY02216,1,-7.247698,72.45145,RFB,Immature Basic 1,2022-02-10T06:07:00Z,2022-02-23T14:51:37Z,"c(8067323.49778854, -809789.77344)",3641.44821868192,2555,244566.571023098,1.425224351734607,242.65012421993916
229275,2022-02-11T14:47:45Z,0,-7.676,74.631,-7.676,74.631,2022-02-11,2022,GY02216,1,-7.247698,72.45145,RFB,Immature Basic 1,2022-02-10T06:07:00Z,2022-02-23T14:51:37Z,"c(8067323.49778854, -809789.77344)",2585.8258458156,2459,245160.962681941,1.051576187806262,177.51044707798906
229275,2022-02-11T14:52:05Z,1,-7.677,74.638,-7.677,74.638,2022-02-11,2022,GY02216,1,-7.247698,72.45145,RFB,Immature Basic 1,2022-02-10T06:07:00Z,2022-02-23T14:51:37Z,"c(8067323.49778854, -809789.77344)",787.290661963539,260,245947.239004666,3.0280410075520736,98.1301023541458
229275,2022-02-11T15:43:33Z,B,-7.688,74.619,-7.688,74.619,2022-02-11,2022,GY02216,1,-7.247698,72.45145,RFB,Immature Basic 1,2022-02-10T06:07:00Z,2022-02-23T14:51:37Z,"c(8067323.49778854, -809789.77344)",2449.53922905956,3088,244115.182211043,0.7932445689959714,239.9314171781444
229275,2022-02-11T16:27:33Z,B,-7.682,74.620,-7.682,74.620,2022-02-11,2022,GY02216,1,-7.247698,72.45145,RFB,Immature Basic 1,2022-02-10T06:07:00Z,2022-02-23T14:51:37Z,"c(8067323.49778854, -809789.77344)",683.101827211406,2640,244091.009012132,0.25875069212553276,9.462322208071006
229275,2022-02-11T16:51:30Z,2,-7.685,74.620,-7.685,74.620,2022-02-11,2022,GY02216,1,-7.247698,72.45145,RFB,Immature Basic 1,2022-02-10T06:07:00Z,2022-02-23T14:51:37Z,"c(8067323.49778854, -809789.77344)",336.984001091332,1437,244157.4173063,0.23450521996613233,180
229275,2022-02-11T17:21:09Z,2,-7.687,74.624,-7.687,74.624,2022-02-11,2022,GY02216,1,-7.247698,72.45145,RFB,Immature Basic 1,2022-02-10T06:07:00Z,2022-02-23T14:51:37Z,"c(8067323.49778854, -809789.77344)",498.741794364965,1779,244638.361120356,0.2803495190359555,116.56505117713905
229275,2022-02-12T00:57:16Z,0,-7.633,74.615,-7.633,74.615,2022-02-12,2022,GY02216,1,-7.247698,72.45145,RFB,Immature Basic 1,2022-02-10T06:07:00Z,2022-02-23T14:51:37Z,"c(8067323.49778854, -809789.77344)",6147.56489730012,27367,242521.941580066,0.22463422725545812,350.5376777919741
229275,2022-02-12T01:10:45Z,3,-7.648,74.547,-7.648,74.547,2022-02-12,2022,GY02216,1,-7.247698,72.45145,RFB,Immature Basic 1,2022-02-10T06:07:00Z,2022-02-23T14:51:37Z,"c(8067323.49778854, -809789.77344)",7754.94193873185,809,235382.706144162,9.585836759866314,257.5604379811533
229275,2022-02-12T01:55:11Z,0,-7.641,74.593,-7.641,74.593,2022-02-12,2022,GY02216,1,-7.247698,72.45145,RFB,Immature Basic 1,2022-02-10T06:07:00Z,2022-02-23T14:51:37Z,"c(8067323.49778854, -809789.77344)",5180.70280780101,2666,240271.509202019,1.9432493652666967,81.34745820888688
229275,2022-02-12T02:01:32Z,0,-7.614,74.657,-7.614,74.657,2022-02-12,2022,GY02216,1,-7.247698,72.45145,RFB,Immature Basic 1,2022-02-10T06:07:00Z,2022-02-23T14:51:37Z,"c(8067323.49778854, -809789.77344)",7742.96778708285,381,246769.098438574,20.322750097330307,67.12633480937092
229275,2022-02-12T02:39:02Z,0,-7.429,74.680,-7.429,74.680,2022-02-12,2022,GY02216,1,-7.247698,72.45145,RFB,Immature Basic 1,2022-02-10T06:07:00Z,2022-02-23T14:51:37Z,"c(8067323.49778854, -809789.77344)",20930.0410904074,2250,246790.030297456,9.302240484625532,7.086895410076843
229275,2022-02-12T03:35:52Z,0,-7.315,74.664,-7.315,74.664,2022-02-12,2022,GY02216,1,-7.247698,72.45145,RFB,Immature Basic 1,2022-02-10T06:07:00Z,2022-02-23T14:51:37Z,"c(8067323.49778854, -809789.77344)",12919.5601421629,3410,244327.766356326,3.788727314417286,352.01067323360047
229275,2022-02-12T03:37:47Z,1,-7.270,74.643,-7.270,74.643,2022-02-12,2022,GY02216,1,-7.247698,72.45145,RFB,Immature Basic 1,2022-02-10T06:07:00Z,2022-02-23T14:51:37Z,"c(8067323.49778854, -809789.77344)",5565.04172868587,115,241903.11022377,48.391667205964126,334.9831065218996
229275,2022-02-12T04:00:27Z,A,-7.286,74.620,-7.286,74.620,2022-02-12,2022,GY02216,1,-7.247698,72.45145,RFB,Immature Basic 1,2022-02-10T06:07:00Z,2022-02-23T14:51:37Z,"c(8067323.49778854, -809789.77344)",3127.21692342619,1360,239362.187421124,2.29942420840161,235.17551084303867
229275,2022-02-12T04:33:07Z,0,-7.251,74.428,-7.251,74.428,2022-02-12,2022,GY02216,1,-7.247698,72.45145,RFB,Immature Basic 1,2022-02-10T06:07:00Z,2022-02-23T14:51:37Z,"c(8067323.49778854, -809789.77344)",21731.24338459,1960,217964.025169204,11.087369073770425,280.33110484433905
229275,2022-02-12T05:18:54Z,B,-7.267,74.599,-7.267,74.599,2022-02-12,2022,GY02216,1,-7.247698,72.45145,RFB,Immature Basic 1,2022-02-10T06:07:00Z,2022-02-23T14:51:37Z,"c(8067323.49778854, -809789.77344)",19120.1242279498,2747,237003.021662162,6.960365572606407,95.3454453727669
229275,2022-02-12T05:36:56Z,1,-7.245,74.570,-7.245,74.570,2022-02-12,2022,GY02216,1,-7.247698,72.45145,RFB,Immature Basic 1,2022-02-10T06:07:00Z,2022-02-23T14:51:37Z,"c(8067323.49778854, -809789.77344)",4064.07037692098,1082,233773.624009352,3.756072437080385,307.1847064532234
229275,2022-02-13T00:34:48Z,1,-7.065,73.117,-3.137,90.673,2022-02-13,2022,GY02216,1,-7.247698,72.45145,RFB,Immature Basic 1,2022-02-10T06:07:00Z,2022-02-23T14:51:37Z,"c(8067323.49778854, -809789.77344)",163003.043634669,68272,75112.0960115865,2.387553369385245,277.0619152956549
229275,2022-02-13T00:57:28Z,0,-7.054,73.103,-7.054,73.103,2022-02-13,2022,GY02216,1,-7.247698,72.45145,RFB,Immature Basic 1,2022-02-10T06:07:00Z,2022-02-23T14:51:37Z,"c(8067323.49778854, -809789.77344)",1987.77982469472,1360,73985.7340257843,1.4616028122755322,308.1572265873495
229275,2022-02-13T01:29:58Z,A,-7.053,73.023,-7.053,73.023,2022-02-13,2022,GY02216,1,-7.247698,72.45145,RFB,Immature Basic 1,2022-02-10T06:07:00Z,2022-02-23T14:51:37Z,"c(8067323.49778854, -809789.77344)",8906.2656339634,1950,65598.8161722207,4.567315709724819,270.7161599454707
229275,2022-02-13T01:52:12Z,2,-7.066,73.006,-7.066,73.006,2022-02-13,2022,GY02216,1,-7.247698,72.45145,RFB,Immature Basic 1,2022-02-10T06:07:00Z,2022-02-23T14:51:37Z,"c(8067323.49778854, -809789.77344)",2389.07238923499,1334,63323.1611896511,1.7909088375074877,232.594643368585
229275,2022-02-13T02:07:17Z,1,-7.037,72.987,-7.037,72.987,2022-02-13,2022,GY02216,1,-7.247698,72.45145,RFB,Immature Basic 1,2022-02-10T06:07:00Z,2022-02-23T14:51:37Z,"c(8067323.49778854, -809789.77344)",3880.03622514884,905,62533.4253222909,4.287332845468334,326.76828893201304
229275,2022-02-13T03:12:58Z,1,-7.207,72.823,-7.207,72.823,2022-02-13,2022,GY02216,1,-7.247698,72.45145,RFB,Immature Basic 1,2022-02-10T06:07:00Z,2022-02-23T14:51:37Z,"c(8067323.49778854, -809789.77344)",26401.0779422364,3941,39663.1971559639,6.699080929265764,223.9708451956943
229275,2022-02-13T03:24:57Z,1,-7.220,72.732,-7.220,72.732,2022-02-13,2022,GY02216,1,-7.247698,72.45145,RFB,Immature Basic 1,2022-02-10T06:07:00Z,2022-02-23T14:51:37Z,"c(8067323.49778854, -809789.77344)",10234.5588336965,719,29428.9567800991,14.23443509554451,261.86989764584354
229275,2022-02-13T03:51:05Z,B,-7.243,72.726,-7.243,72.726,2022-02-13,2022,GY02216,1,-7.247698,72.45145,RFB,Immature Basic 1,2022-02-10T06:07:00Z,2022-02-23T14:51:37Z,"c(8067323.49778854, -809789.77344)",2665.90356492457,1568,28529.5870653967,1.7001936000794466,194.62087398863184
229275,2022-02-13T04:11:01Z,1,-7.266,72.553,-7.266,72.553,2022-02-13,2022,GY02216,1,-7.247698,72.45145,RFB,Immature Basic 1,2022-02-10T06:07:00Z,2022-02-23T14:51:37Z,"c(8067323.49778854, -809789.77344)",19430.4566419375,1196,9321.61259462558,16.246201205633383,262.42705135945675
229275,2022-02-13T04:49:54Z,A,-7.292,72.526,-7.292,72.526,2022-02-13,2022,GY02216,1,-7.247698,72.45145,RFB,Immature Basic 1,2022-02-10T06:07:00Z,2022-02-23T14:51:37Z,"c(8067323.49778854, -809789.77344)",4188.97033007422,2333,7490.15679034795,1.795529502817926,226.080924186662
229275,2022-02-13T05:24:41Z,1,-7.293,72.488,-7.293,72.488,2022-02-13,2022,GY02216,1,-7.247698,72.45145,RFB,Immature Basic 1,2022-02-10T06:07:00Z,2022-02-23T14:51:37Z,"c(8067323.49778854, -809789.77344)",4231.62910527295,2087,4711.75614521314,2.0276133709980586,268.4925642412244
229275,2022-02-13T05:47:46Z,2,-7.276,72.483,-7.276,72.483,2022-02-13,2022,GY02216,1,-7.247698,72.45145,RFB,Immature Basic 1,2022-02-10T06:07:00Z,2022-02-23T14:51:37Z,"c(8067323.49778854, -809789.77344)",1987.36396166771,1385,2765.49520689389,1.4349198279189261,343.61045966597965
229275,2022-02-13T11:26:15Z,A,-7.180,72.431,-7.180,72.431,2022-02-13,2022,GY02216,1,-7.247698,72.45145,RFB,Immature Basic 1,2022-02-10T06:07:00Z,2022-02-23T14:51:37Z,"c(8067323.49778854, -809789.77344)",12229.0628711137,20309,9469.49599083614,0.6021499271807416,331.5570713756336
229275,2022-02-14T12:39:45Z,1,-6.901,72.628,-6.901,72.628,2022-02-14,2022,GY02216,1,-7.247698,72.45145,RFB,Immature Basic 1,2022-02-10T06:07:00Z,2022-02-23T14:51:37Z,"c(8067323.49778854, -809789.77344)",38213.1539047808,90810,43430.6483610802,0.4208033686243896,35.22565484790816
229275,2022-02-14T12:40:30Z,1,-6.889,72.627,-6.889,72.627,2022-02-14,2022,GY02216,1,-7.247698,72.45145,RFB,Immature Basic 1,2022-02-10T06:07:00Z,2022-02-23T14:51:37Z,"c(8067323.49778854, -809789.77344)",1350.16217409647,45,44620.5386996896,30.003603868810348,355.236358309251
229275,2022-02-14T13:35:56Z,B,-6.952,72.614,-6.952,72.614,2022-02-14,2022,GY02216,1,-7.247698,72.45145,RFB,Immature Basic 1,2022-02-10T06:07:00Z,2022-02-23T14:51:37Z,"c(8067323.49778854, -809789.77344)",7211.29739540741,3326,37581.0049628797,2.1681591687935673,191.6592926535152
229275,2022-02-14T14:13:26Z,B,-7.092,72.546,-7.092,72.546,2022-02-14,2022,GY02216,1,-7.247698,72.45145,RFB,Immature Basic 1,2022-02-10T06:07:00Z,2022-02-23T14:51:37Z,"c(8067323.49778854, -809789.77344)",17431.8573394042,2250,20150.330937798,7.747492150846332,205.9065079995137
229275,2022-02-14T14:17:46Z,1,-7.227,72.399,-7.227,72.399,2022-02-14,2022,GY02216,1,-7.247698,72.45145,RFB,Immature Basic 1,2022-02-10T06:07:00Z,2022-02-23T14:51:37Z,"c(8067323.49778854, -809789.77344)",22297.7043005674,260,8505.31642731723,85.76040115602854,227.43664824681107
229275,2022-02-14T14:18:18Z,B,-7.229,72.407,-7.229,72.407,2022-02-14,2022,GY02216,1,-7.247698,72.45145,RFB,Immature Basic 1,2022-02-10T06:07:00Z,2022-02-23T14:51:37Z,"c(8067323.49778854, -809789.77344)",918.398207618602,32,7595.80448081527,28.699943988081298,104.03624346793248
229275,2022-02-14T15:15:07Z,A,-7.226,72.420,-7.226,72.420,2022-02-14,2022,GY02216,1,-7.247698,72.45145,RFB,Immature Basic 1,2022-02-10T06:07:00Z,2022-02-23T14:51:37Z,"c(8067323.49778854, -809789.77344)",1485.79097702268,3409,6447.47909990897,0.4358436424237851,77.00538320808808
229275,2022-02-14T15:55:17Z,0,-7.230,72.424,-7.230,72.424,2022-02-14,2022,GY02216,1,-7.247698,72.45145,RFB,Immature Basic 1,2022-02-10T06:07:00Z,2022-02-23T14:51:37Z,"c(8067323.49778854, -809789.77344)",632.245287673823,2410,5838.80420423088,0.2623424430181836,134.9999999999682
229275,2022-02-14T16:24:27Z,3,-7.227,72.413,-7.227,72.413,2022-02-14,2022,GY02216,1,-7.247698,72.45145,RFB,Immature Basic 1,2022-02-10T06:07:00Z,2022-02-23T14:51:37Z,"c(8067323.49778854, -809789.77344)",1269.94406791327,1750,7080.5290414068,0.7256823245218662,285.25511870304524
229275,2022-02-14T17:53:28Z,B,-7.271,72.397,-7.271,72.397,2022-02-14,2022,GY02216,1,-7.247698,72.45145,RFB,Immature Basic 1,2022-02-10T06:07:00Z,2022-02-23T14:51:37Z,"c(8067323.49778854, -809789.77344)",5248.95120191997,5341,8322.31996908187,0.9827656247743816,199.98310652188994
229275,2022-02-14T18:00:03Z,B,-7.272,72.396,-7.272,72.396,2022-02-14,2022,GY02216,1,-7.247698,72.45145,RFB,Immature Basic 1,2022-02-10T06:07:00Z,2022-02-23T14:51:37Z,"c(8067323.49778854, -809789.77344)",158.069016247778,395,8455.66231664981,0.40017472467792015,225.00000000012722
229275,2022-02-15T12:10:55Z,B,-7.138,72.665,-7.138,72.665,2022-02-15,2022,GY02216,1,-7.247698,72.45145,RFB,Immature Basic 1,2022-02-10T06:07:00Z,2022-02-23T14:51:37Z,"c(8067323.49778854, -809789.77344)",33507.7164359666,65452,25368.2085995426,0.511943354457718,63.52021033664368
229275,2022-02-15T12:24:22Z,0,-6.635,72.746,-6.635,72.746,2022-02-15,2022,GY02216,1,-7.247698,72.45145,RFB,Immature Basic 1,2022-02-10T06:07:00Z,2022-02-23T14:51:37Z,"c(8067323.49778854, -809789.77344)",57117.0089884107,807,76014.4674438365,70.7769628109179,9.148021310423779
229275,2022-02-15T13:41:23Z,0,-7.040,72.636,-7.040,72.636,2022-02-15,2022,GY02216,1,-7.247698,72.45145,RFB,Immature Basic 1,2022-02-10T06:07:00Z,2022-02-23T14:51:37Z,"c(8067323.49778854, -809789.77344)",47029.5534187317,4621,30385.9260563925,10.17735412653792,195.19524852681977
229275,2022-02-15T13:55:13Z,A,-7.143,72.566,-7.143,72.566,2022-02-15,2022,GY02216,1,-7.247698,72.45145,RFB,Immature Basic 1,2022-02-10T06:07:00Z,2022-02-23T14:51:37Z,"c(8067323.49778854, -809789.77344)",13936.3807734397,830,16496.3838809004,16.79082020896344,214.20048413026598
229275,2022-02-15T14:02:41Z,0,-7.136,72.573,-7.136,72.573,2022-02-15,2022,GY02216,1,-7.247698,72.45145,RFB,Immature Basic 1,2022-02-10T06:07:00Z,2022-02-23T14:51:37Z,"c(8067323.49778854, -809789.77344)",1106.32070737806,448,17599.6491360797,2.4694658646831784,44.99999999996365
229275,2022-02-15T14:51:38Z,1,-7.233,72.481,-7.233,72.481,2022-02-15,2022,GY02216,1,-7.247698,72.45145,RFB,Immature Basic 1,2022-02-10T06:07:00Z,2022-02-23T14:51:37Z,"c(8067323.49778854, -809789.77344)",14944.4121557882,2937,2755.73626197188,5.088325555256469,223.48459209997762
229275,2022-02-15T15:43:47Z,2,-7.242,72.458,-7.242,72.458,2022-02-15,2022,GY02216,1,-7.247698,72.45145,RFB,Immature Basic 1,2022-02-10T06:07:00Z,2022-02-23T14:51:37Z,"c(8067323.49778854, -809789.77344)",2752.33098139841,3129,1978.02531834918,0.8796200004469181,248.6293777306528
229275,2022-02-15T16:30:43Z,0,-7.269,72.457,-7.269,72.457,2022-02-15,2022,GY02216,1,-7.247698,72.45145,RFB,Immature Basic 1,2022-02-10T06:07:00Z,2022-02-23T14:51:37Z,"c(8067323.49778854, -809789.77344)",3031.9313743861,2816,2136.00804760511,1.076680175563244,182.12109639667156
229275,2022-02-15T16:49:09Z,A,-7.241,72.459,-7.241,72.459,2022-02-15,2022,GY02216,1,-7.247698,72.45145,RFB,Immature Basic 1,2022-02-10T06:07:00Z,2022-02-23T14:51:37Z,"c(8067323.49778854, -809789.77344)",3149.97950776305,1106,1991.87334742964,2.8480827375796105,4.08561677999425
229275,2022-02-15T17:39:52Z,3,-7.245,72.450,-7.245,72.450,2022-02-15,2022,GY02216,1,-7.247698,72.45145,RFB,Immature Basic 1,2022-02-10T06:07:00Z,2022-02-23T14:51:37Z,"c(8067323.49778854, -809789.77344)",1097.82939634429,3043,2493.20470259421,0.3607720658377555,246.03751102542023
229275,2022-02-15T17:42:10Z,3,-7.245,72.454,-7.245,72.454,2022-02-15,2022,GY02216,1,-7.247698,72.45145,RFB,Immature Basic 1,2022-02-10T06:07:00Z,2022-02-23T14:51:37Z,"c(8067323.49778854, -809789.77344)",445.277963171713,138,2105.14073369353,3.226651907041399,90
229275,2022-02-16T01:10:19Z,A,-7.398,72.614,-7.398,72.614,2022-02-16,2022,GY02216,1,-7.247698,72.45145,RFB,Immature Basic 1,2022-02-10T06:07:00Z,2022-02-23T14:51:37Z,"c(8067323.49778854, -809789.77344)",24740.8553457839,26889,22683.802478329,0.9201106528983563,133.71883830535594
229275,2022-02-16T01:46:26Z,A,-7.032,72.597,-7.032,72.597,2022-02-16,2022,GY02216,1,-7.247698,72.45145,RFB,Immature Basic 1,2022-02-10T06:07:00Z,2022-02-23T14:51:37Z,"c(8067323.49778854, -809789.77344)",41111.7677006739,2167,28736.6387717082,18.97174328595936,357.3406319868755
229275,2022-02-16T01:51:48Z,0,-6.995,72.643,-6.995,72.643,2022-02-16,2022,GY02216,1,-7.247698,72.45145,RFB,Immature Basic 1,2022-02-10T06:07:00Z,2022-02-23T14:51:37Z,"c(8067323.49778854, -809789.77344)",6591.1288585892,322,34952.4351780693,20.46934428133291,51.1886159632456
229275,2022-02-16T02:14:07Z,1,-6.907,72.720,-6.907,72.720,2022-02-16,2022,GY02216,1,-7.247698,72.45145,RFB,Immature Basic 1,2022-02-10T06:07:00Z,2022-02-23T14:51:37Z,"c(8067323.49778854, -809789.77344)",13071.442366417,1339,47941.5055756112,9.762092880072442,41.185925165708944
229275,2022-02-16T02:54:37Z,1,-6.709,72.710,-6.709,72.710,2022-02-16,2022,GY02216,1,-7.247698,72.45145,RFB,Immature Basic 1,2022-02-10T06:07:00Z,2022-02-23T14:51:37Z,"c(8067323.49778854, -809789.77344)",22225.6830405543,2430,66809.2672197931,9.146371621627267,357.10873040377794
229275,2022-02-16T03:03:50Z,B,-6.702,72.700,-6.702,72.700,2022-02-16,2022,GY02216,1,-7.247698,72.45145,RFB,Immature Basic 1,2022-02-10T06:07:00Z,2022-02-23T14:51:37Z,"c(8067323.49778854, -809789.77344)",1361.91249671721,553,67096.5073090026,2.46277124180327,304.9920201985819
229275,2022-02-16T03:35:57Z,0,-6.489,72.833,-6.489,72.833,2022-02-16,2022,GY02216,1,-7.247698,72.45145,RFB,Immature Basic 1,2022-02-10T06:07:00Z,2022-02-23T14:51:37Z,"c(8067323.49778854, -809789.77344)",28087.9595961976,1927,94919.4632644971,14.576003941981112,31.981197570214327
229275,2022-02-16T03:50:46Z,B,-6.501,72.870,-6.501,72.870,2022-02-16,2022,GY02216,1,-7.247698,72.45145,RFB,Immature Basic 1,2022-02-10T06:07:00Z,2022-02-23T14:51:37Z,"c(8067323.49778854, -809789.77344)",4332.69760641726,889,95553.1468498965,4.873675597769694,107.96913974015487
229275,2022-02-16T04:47:07Z,0,-6.353,73.009,-6.353,73.009,2022-02-16,2022,GY02216,1,-7.247698,72.45145,RFB,Immature Basic 1,2022-02-10T06:07:00Z,2022-02-23T14:51:37Z,"c(8067323.49778854, -809789.77344)",22678.3106545587,3381,117584.411487937,6.707574875645873,43.203856847503296
229275,2022-02-16T04:54:45Z,0,-6.318,72.910,-6.318,72.910,2022-02-16,2022,GY02216,1,-7.247698,72.45145,RFB,Immature Basic 1,2022-02-10T06:07:00Z,2022-02-23T14:51:37Z,"c(8067323.49778854, -809789.77344)",11697.078411183,458,115901.880999804,25.53947251349991,289.47030200946637
229275,2022-02-16T05:33:46Z,B,-6.239,73.029,-6.239,73.029,2022-02-16,2022,GY02216,1,-7.247698,72.45145,RFB,Immature Basic 1,2022-02-10T06:07:00Z,2022-02-23T14:51:37Z,"c(8067323.49778854, -809789.77344)",15929.7943438272,2341,129782.1354214,6.804696430511416,56.42118627499932
229275,2022-02-16T06:25:22Z,B,-6.119,73.084,-6.119,73.084,2022-02-16,2022,GY02216,1,-7.247698,72.45145,RFB,Immature Basic 1,2022-02-10T06:07:00Z,2022-02-23T14:51:37Z,"c(8067323.49778854, -809789.77344)",14765.5932486769,3096,144512.898407784,4.769248465334904,24.623564786166288
229275,2022-02-16T06:29:13Z,0,-6.227,72.998,-6.227,72.998,2022-02-16,2022,GY02216,1,-7.247698,72.45145,RFB,Immature Basic 1,2022-02-10T06:07:00Z,2022-02-23T14:51:37Z,"c(8067323.49778854, -809789.77344)",15423.4553726216,231,129358.889040923,66.76820507628382,218.53018001482621
229275,2022-02-17T00:04:30Z,B,-6.379,73.010,-6.379,73.010,2022-02-17,2022,GY02216,1,-7.247698,72.45145,RFB,Immature Basic 1,2022-02-10T06:07:00Z,2022-02-23T14:51:37Z,"c(8067323.49778854, -809789.77344)",17075.8021092832,63317,115147.513223202,0.2696874790227456,175.48601154199855
229275,2022-02-17T01:28:54Z,0,-6.241,74.199,-12.714,102.757,2022-02-17,2022,GY02216,1,-7.247698,72.45145,RFB,Immature Basic 1,2022-02-10T06:07:00Z,2022-02-23T14:51:37Z,"c(8067323.49778854, -809789.77344)",133258.212463063,5064,223529.42429817,26.31481288765065,83.37964845036464
229275,2022-02-17T01:31:29Z,A,-6.249,74.184,-10.012,55.001,2022-02-17,2022,GY02216,1,-7.247698,72.45145,RFB,Immature Basic 1,2022-02-10T06:07:00Z,2022-02-23T14:51:37Z,"c(8067323.49778854, -809789.77344)",1894.93891609756,155,221636.093066737,12.22541236191972,241.92751306414794
229275,2022-02-17T01:43:11Z,1,-6.240,74.260,-6.240,74.260,2022-02-17,2022,GY02216,1,-7.247698,72.45145,RFB,Immature Basic 1,2022-02-10T06:07:00Z,2022-02-23T14:51:37Z,"c(8067323.49778854, -809789.77344)",8520.10163476439,702,229457.913703798,12.136896915618783,83.24642596447009
229275,2022-02-17T02:35:31Z,0,-6.284,74.203,-6.284,74.203,2022-02-17,2022,GY02216,1,-7.247698,72.45145,RFB,Immature Basic 1,2022-02-10T06:07:00Z,2022-02-23T14:51:37Z,"c(8067323.49778854, -809789.77344)",8033.77482412495,3140,221507.284503396,2.5585270140525305,232.33437880141804
229275,2022-02-17T03:12:11Z,1,-6.295,74.193,-6.295,74.193,2022-02-17,2022,GY02216,1,-7.247698,72.45145,RFB,Immature Basic 1,2022-02-10T06:07:00Z,2022-02-23T14:51:37Z,"c(8067323.49778854, -809789.77344)",1660.37729470276,2200,219933.016373628,0.7547169521376184,222.27368900610801
229275,2022-02-17T04:27:42Z,1,-6.296,74.165,-6.296,74.165,2022-02-17,2022,GY02216,1,-7.247698,72.45145,RFB,Immature Basic 1,2022-02-10T06:07:00Z,2022-02-23T14:51:37Z,"c(8067323.49778854, -809789.77344)",3118.95713505752,4531,217164.619184227,0.6883595530914847,267.95459151111146
229275,2022-02-17T04:45:17Z,0,-6.317,74.203,-6.317,74.203,2022-02-17,2022,GY02216,1,-7.247698,72.45145,RFB,Immature Basic 1,2022-02-10T06:07:00Z,2022-02-23T14:51:37Z,"c(8067323.49778854, -809789.77344)",4840.01255677257,1055,219714.66927633,4.58768962727258,118.92642583525561
229275,2022-02-17T05:14:47Z,A,-6.332,74.306,-6.332,74.306,2022-02-17,2022,GY02216,1,-7.247698,72.45145,RFB,Immature Basic 1,2022-02-10T06:07:00Z,2022-02-23T14:51:37Z,"c(8067323.49778854, -809789.77344)",11588.334361253,1770,229083.890108433,6.547081560029945,98.28579702395402
229275,2022-02-17T11:49:38Z,B,-6.429,74.224,-6.429,74.224,2022-02-17,2022,GY02216,1,-7.247698,72.45145,RFB,Immature Basic 1,2022-02-10T06:07:00Z,2022-02-23T14:51:37Z,"c(8067323.49778854, -809789.77344)",14190.793189163,23691,216103.987722512,0.5989951116104423,220.20986927763445
229275,2022-02-18T11:35:51Z,B,-7.018,73.920,-7.018,73.920,2022-02-18,2022,GY02216,1,-7.247698,72.45145,RFB,Immature Basic 1,2022-02-10T06:07:00Z,2022-02-23T14:51:37Z,"c(8067323.49778854, -809789.77344)",74189.3767405315,85573,163588.511682115,0.8669717871353284,207.299572211333
229275,2022-02-18T12:13:08Z,A,-7.066,73.249,-11.575,94.966,2022-02-18,2022,GY02216,1,-7.247698,72.45145,RFB,Immature Basic 1,2022-02-10T06:07:00Z,2022-02-23T14:51:37Z,"c(8067323.49778854, -809789.77344)",74889.161114676,2237,89272.8047032982,33.477497145586064,265.908315037511
229275,2022-02-18T13:10:42Z,1,-7.348,73.015,-7.348,73.015,2022-02-18,2022,GY02216,1,-7.247698,72.45145,RFB,Immature Basic 1,2022-02-10T06:07:00Z,2022-02-23T14:51:37Z,"c(8067323.49778854, -809789.77344)",40984.8970990156,3454,61560.3823774632,11.86592272698771,219.6854543300546
229275,2022-02-18T13:33:24Z,B,-7.386,72.985,-7.386,72.985,2022-02-18,2022,GY02216,1,-7.247698,72.45145,RFB,Immature Basic 1,2022-02-10T06:07:00Z,2022-02-23T14:51:37Z,"c(8067323.49778854, -809789.77344)",5417.1985807689,1362,59184.8398870466,3.977385154749561,218.29016319224394
229275,2022-02-18T13:52:53Z,1,-7.480,72.750,-7.480,72.750,2022-02-18,2022,GY02216,1,-7.247698,72.45145,RFB,Immature Basic 1,2022-02-10T06:07:00Z,2022-02-23T14:51:37Z,"c(8067323.49778854, -809789.77344)",28208.3229774963,1169,40116.9636220625,24.130301948243186,248.19859051364807
229275,2022-02-18T15:07:21Z,2,-7.376,72.491,-7.376,72.491,2022-02-18,2022,GY02216,1,-7.247698,72.45145,RFB,Immature Basic 1,2022-02-10T06:07:00Z,2022-02-23T14:51:37Z,"c(8067323.49778854, -809789.77344)",31105.9500775817,4468,13779.9422706695,6.961940482896522,291.87765133025795
229275,2022-02-18T15:15:31Z,3,-7.379,72.483,-7.379,72.483,2022-02-18,2022,GY02216,1,-7.247698,72.45145,RFB,Immature Basic 1,2022-02-10T06:07:00Z,2022-02-23T14:51:37Z,"c(8067323.49778854, -809789.77344)",952.09655037933,490,13991.9883519789,1.9430541844476126,249.44395478041093
229275,2022-02-18T16:37:24Z,2,-7.380,72.471,-7.380,72.471,2022-02-18,2022,GY02216,1,-7.247698,72.45145,RFB,Immature Basic 1,2022-02-10T06:07:00Z,2022-02-23T14:51:37Z,"c(8067323.49778854, -809789.77344)",1340.5417077491,4913,14029.64043813,0.27285603658642416,265.2363583092724
229275,2022-02-18T17:06:25Z,3,-7.378,72.478,-7.378,72.478,2022-02-18,2022,GY02216,1,-7.247698,72.45145,RFB,Immature Basic 1,2022-02-10T06:07:00Z,2022-02-23T14:51:37Z,"c(8067323.49778854, -809789.77344)",810.930865047131,1741,13833.3961166395,0.46578452903338935,74.0546040990589
229275,2022-02-18T18:18:14Z,2,-7.380,72.482,-7.380,72.482,2022-02-18,2022,GY02216,1,-7.247698,72.45145,RFB,Immature Basic 1,2022-02-10T06:07:00Z,2022-02-23T14:51:37Z,"c(8067323.49778854, -809789.77344)",498.670141358103,4309,14092.6530850146,0.11572757979997757,116.56505117704745
229275,2022-02-19T12:55:09Z,2,-7.272,72.472,-7.272,72.472,2022-02-19,2022,GY02216,1,-7.247698,72.45145,RFB,Immature Basic 1,2022-02-10T06:07:00Z,2022-02-23T14:51:37Z,"c(8067323.49778854, -809789.77344)",12172.4669380034,67015,1920.68799091834,0.1816379458032293,354.70991879462605
229275,2022-02-19T13:13:29Z,B,-7.270,72.457,-7.270,72.457,2022-02-19,2022,GY02216,1,-7.247698,72.45145,RFB,Immature Basic 1,2022-02-10T06:07:00Z,2022-02-23T14:51:37Z,"c(8067323.49778854, -809789.77344)",1684.80905717657,1100,2219.85157243817,1.531644597433241,277.59464336859367
229275,2022-02-19T13:14:02Z,3,-7.273,72.469,-7.273,72.469,2022-02-19,2022,GY02216,1,-7.247698,72.45145,RFB,Immature Basic 1,2022-02-10T06:07:00Z,2022-02-23T14:51:37Z,"c(8067323.49778854, -809789.77344)",1377.60525703647,33,2023.02796044906,41.74561384958994,104.0362434679265
229275,2022-02-19T14:51:19Z,2,-7.271,72.472,-7.271,72.472,2022-02-19,2022,GY02216,1,-7.247698,72.45145,RFB,Immature Basic 1,2022-02-10T06:07:00Z,2022-02-23T14:51:37Z,"c(8067323.49778854, -809789.77344)",402.372356075569,5837,1809.26921173113,0.0689347877463712,56.30993247402413
229275,2022-02-19T14:54:50Z,3,-7.272,72.468,-7.272,72.468,2022-02-19,2022,GY02216,1,-7.247698,72.45145,RFB,Immature Basic 1,2022-02-10T06:07:00Z,2022-02-23T14:51:37Z,"c(8067323.49778854, -809789.77344)",459.201752341206,211,1920.68799091844,2.1763116224701684,255.9637565320376
229275,2022-02-19T16:18:54Z,3,-7.273,72.464,-7.273,72.464,2022-02-19,2022,GY02216,1,-7.247698,72.45145,RFB,Immature Basic 1,2022-02-10T06:07:00Z,2022-02-23T14:51:37Z,"c(8067323.49778854, -809789.77344)",459.201813423411,5044,2127.52512201986,0.09103921757006561,255.96375653209748
229275,2022-02-19T16:57:05Z,A,-7.274,72.458,-7.274,72.458,2022-02-19,2022,GY02216,1,-7.247698,72.45145,RFB,Immature Basic 1,2022-02-10T06:07:00Z,2022-02-23T14:51:37Z,"c(8067323.49778854, -809789.77344)",677.279072586999,2291,2516.08165316726,0.29562595922610163,260.53767779197165
229275,2022-02-19T17:05:49Z,B,-7.281,72.452,-7.281,72.452,2022-02-19,2022,GY02216,1,-7.247698,72.45145,RFB,Immature Basic 1,2022-02-10T06:07:00Z,2022-02-23T14:51:37Z,"c(8067323.49778854, -809789.77344)",1031.12802438212,524,3539.53152898964,1.9678015732483196,220.60129464500685
229275,2022-02-19T17:59:57Z,B,-7.277,72.466,-7.277,72.466,2022-02-19,2022,GY02216,1,-7.247698,72.45145,RFB,Immature Basic 1,2022-02-10T06:07:00Z,2022-02-23T14:51:37Z,"c(8067323.49778854, -809789.77344)",1621.83383324279,3248,2508.68793548092,0.4993330767373119,74.05460409907427
229275,2022-02-20T00:10:56Z,3,-7.273,72.466,-7.273,72.466,2022-02-20,2022,GY02216,1,-7.247698,72.45145,RFB,Immature Basic 1,2022-02-10T06:07:00Z,2022-02-23T14:51:37Z,"c(8067323.49778854, -809789.77344)",448.891634943197,22259,2068.45898296684,0.02016674760515731,0
229275,2022-02-20T00:44:31Z,3,-7.273,72.464,-7.273,72.464,2022-02-20,2022,GY02216,1,-7.247698,72.45145,RFB,Immature Basic 1,2022-02-10T06:07:00Z,2022-02-23T14:51:37Z,"c(8067323.49778854, -809789.77344)",222.638981586322,2015,2127.52512201986,0.11049080972025915,270
229275,2022-02-20T01:50:16Z,1,-7.135,72.661,-7.135,72.661,2022-02-20,2022,GY02216,1,-7.247698,72.45145,RFB,Immature Basic 1,2022-02-10T06:07:00Z,2022-02-23T14:51:37Z,"c(8067323.49778854, -809789.77344)",26845.6077768526,3945,25166.6988073128,6.804970285640698,54.98846489091806
229275,2022-02-20T01:54:09Z,0,-7.117,72.692,-7.117,72.692,2022-02-20,2022,GY02216,1,-7.247698,72.45145,RFB,Immature Basic 1,2022-02-10T06:07:00Z,2022-02-23T14:51:37Z,"c(8067323.49778854, -809789.77344)",3998.31333047082,233,29162.8898392026,17.160143049231,59.858614447918285
229275,2022-02-20T02:06:56Z,0,-7.065,72.756,-7.065,72.756,2022-02-20,2022,GY02216,1,-7.247698,72.45145,RFB,Immature Basic 1,2022-02-10T06:07:00Z,2022-02-23T14:51:37Z,"c(8067323.49778854, -809789.77344)",9207.84038079826,767,38314.8860550687,12.005007015382347,50.906141113773856
229275,2022-02-20T03:22:21Z,B,-7.065,73.134,-7.065,73.134,2022-02-20,2022,GY02216,1,-7.247698,72.45145,RFB,Immature Basic 1,2022-02-10T06:07:00Z,2022-02-23T14:51:37Z,"c(8067323.49778854, -809789.77344)",42078.7675198568,4525,76928.591032567,9.29917514250979,90
229275,2022-02-20T03:30:09Z,0,-6.868,73.210,-6.868,73.210,2022-02-20,2022,GY02216,1,-7.247698,72.45145,RFB,Immature Basic 1,2022-02-10T06:07:00Z,2022-02-23T14:51:37Z,"c(8067323.49778854, -809789.77344)",23657.5484566155,468,93114.4639404268,50.55031721499031,21.09595620696438
229275,2022-02-20T03:41:53Z,B,-6.832,73.150,-6.832,73.150,2022-02-20,2022,GY02216,1,-7.247698,72.45145,RFB,Immature Basic 1,2022-02-10T06:07:00Z,2022-02-23T14:51:37Z,"c(8067323.49778854, -809789.77344)",7804.0459447021,704,89337.7139135712,11.085292535088207,300.9637565320789
229275,2022-02-20T04:08:45Z,A,-6.691,73.450,-6.691,73.450,2022-02-20,2022,GY02216,1,-7.247698,72.45145,RFB,Immature Basic 1,2022-02-10T06:07:00Z,2022-02-23T14:51:37Z,"c(8067323.49778854, -809789.77344)",36947.4191973469,1612,126103.760086661,22.92023523408617,64.82647547546962
229275,2022-02-20T05:04:12Z,0,-6.613,73.642,-6.613,73.642,2022-02-20,2022,GY02216,1,-7.247698,72.45145,RFB,Immature Basic 1,2022-02-10T06:07:00Z,2022-02-23T14:51:37Z,"c(8067323.49778854, -809789.77344)",23091.9532366939,3327,149012.211386607,6.9407734405452075,67.89055165624777
229275,2022-02-20T05:40:47Z,0,-6.585,73.859,-6.585,73.859,2022-02-20,2022,GY02216,1,-7.247698,72.45145,RFB,Immature Basic 1,2022-02-10T06:07:00Z,2022-02-23T14:51:37Z,"c(8067323.49778854, -809789.77344)",24359.2616788173,2195,171909.831142082,11.097613521101287,82.64762064010748
229275,2022-02-21T01:19:19Z,0,-6.610,74.249,-6.610,74.249,2022-02-21,2022,GY02216,1,-7.247698,72.45145,RFB,Immature Basic 1,2022-02-10T06:07:00Z,2022-02-23T14:51:37Z,"c(8067323.49778854, -809789.77344)",43504.8990374258,70712,210832.798451933,0.6152406810361154,93.66778805553147
229275,2022-02-21T01:59:43Z,1,-6.551,74.217,-6.551,74.217,2022-02-21,2022,GY02216,1,-7.247698,72.45145,RFB,Immature Basic 1,2022-02-10T06:07:00Z,2022-02-23T14:51:37Z,"c(8067323.49778854, -809789.77344)",7510.00299546035,2424,209886.569113534,3.0981860542328192,331.52579638992836
229275,2022-02-21T02:05:07Z,B,-6.587,74.324,-6.587,74.324,2022-02-21,2022,GY02216,1,-7.247698,72.45145,RFB,Immature Basic 1,2022-02-10T06:07:00Z,2022-02-23T14:51:37Z,"c(8067323.49778854, -809789.77344)",12575.7457206569,324,219559.744291939,38.814030002027444,108.59544078275654
229275,2022-02-21T03:02:38Z,B,-6.497,74.277,-6.497,74.277,2022-02-21,2022,GY02216,1,-7.247698,72.45145,RFB,Immature Basic 1,2022-02-10T06:07:00Z,2022-02-23T14:51:37Z,"c(8067323.49778854, -809789.77344)",11360.875654516,3451,218372.888771407,3.292053217767593,332.42543604030703
229275,2022-02-21T03:35:38Z,B,-6.496,74.522,-6.496,74.522,2022-02-21,2022,GY02216,1,-7.247698,72.45145,RFB,Immature Basic 1,2022-02-10T06:07:00Z,2022-02-23T14:51:37Z,"c(8067323.49778854, -809789.77344)",27273.5053719435,1980,243766.038974816,13.774497662597714,89.76614097412687
229275,2022-02-21T04:43:23Z,1,-6.512,74.285,-6.512,74.285,2022-02-21,2022,GY02216,1,-7.247698,72.45145,RFB,Immature Basic 1,2022-02-10T06:07:00Z,2022-02-23T14:51:37Z,"c(8067323.49778854, -809789.77344)",26443.5525341523,4065,218547.333954935,6.505178975191227,266.13779094613517
229275,2022-02-21T05:34:15Z,1,-6.518,74.318,-6.518,74.318,2022-02-21,2022,GY02216,1,-7.247698,72.45145,RFB,Immature Basic 1,2022-02-10T06:07:00Z,2022-02-23T14:51:37Z,"c(8067323.49778854, -809789.77344)",3734.54827099501,3052,221696.439989209,1.2236396693954825,100.30484646876603
229275,2022-02-22T16:58:30Z,B,-6.958,73.892,-6.958,73.892,2022-02-22,2022,GY02216,1,-7.247698,72.45145,RFB,Immature Basic 1,2022-02-10T06:07:00Z,2022-02-23T14:51:37Z,"c(8067323.49778854, -809789.77344)",68421.1399028036,127455,161764.658121419,0.5368258593448954,224.07382096460395
229276,2022-02-10T06:04:45Z,2,-7.248,72.453,-7.248,72.453,2022-02-10,2022,GY02215,1,-7.250352,72.451638,RFB,Immature Basic 2,2022-02-10T05:18:00Z,2022-02-26T17:13:26Z,"c(8067323.49778854, -809789.77344)",NA,NA,2048.98437211589,NA,NA
229276,2022-02-10T12:05:55Z,2,-7.225,72.418,-7.225,72.418,2022-02-10,2022,GY02215,1,-7.250352,72.451638,RFB,Immature Basic 2,2022-02-10T05:18:00Z,2022-02-26T17:13:26Z,"c(8067323.49778854, -809789.77344)",4673.46893663315,21670,6696.33231800927,0.21566538701583515,303.31063082456404
229276,2022-02-10T13:03:49Z,0,-7.230,72.440,-7.230,72.440,2022-02-10,2022,GY02215,1,-7.250352,72.451638,RFB,Immature Basic 2,2022-02-10T05:18:00Z,2022-02-26T17:13:26Z,"c(8067323.49778854, -809789.77344)",2512.47391338971,3474,4361.52808477778,0.7232221972912221,102.80426606529355
229276,2022-02-10T13:37:06Z,B,-7.228,72.441,-7.228,72.441,2022-02-10,2022,GY02215,1,-7.250352,72.451638,RFB,Immature Basic 2,2022-02-10T05:18:00Z,2022-02-26T17:13:26Z,"c(8067323.49778854, -809789.77344)",250.514793627225,1997,4427.34024581553,0.1254455651613547,26.565051177179768
229276,2022-02-10T13:37:58Z,3,-7.228,72.420,-7.228,72.420,2022-02-10,2022,GY02215,1,-7.250352,72.451638,RFB,Immature Basic 2,2022-02-10T05:18:00Z,2022-02-26T17:13:26Z,"c(8067323.49778854, -809789.77344)",2337.70930666011,52,6337.16954276769,44.95594820500208,270
229276,2022-02-10T14:41:39Z,B,-7.229,72.417,-7.229,72.417,2022-02-10,2022,GY02215,1,-7.250352,72.451638,RFB,Immature Basic 2,2022-02-10T05:18:00Z,2022-02-26T17:13:26Z,"c(8067323.49778854, -809789.77344)",352.306175927862,3821,6581.90641344917,0.0922026108159807,251.5650511770729
229276,2022-02-10T15:01:35Z,3,-7.225,72.420,-7.225,72.420,2022-02-10,2022,GY02215,1,-7.250352,72.451638,RFB,Immature Basic 2,2022-02-10T05:18:00Z,2022-02-26T17:13:26Z,"c(8067323.49778854, -809789.77344)",559.454206125989,1196,6504.83609255463,0.467771075356178,36.86989764584199
229276,2022-02-10T15:16:15Z,3,-7.226,72.420,-7.226,72.420,2022-02-10,2022,GY02215,1,-7.250352,72.451638,RFB,Immature Basic 2,2022-02-10T05:18:00Z,2022-02-26T17:13:26Z,"c(8067323.49778854, -809789.77344)",112.210574900848,880,6447.47909990897,0.12751201693278166,180
229276,2022-02-10T16:04:56Z,3,-7.225,72.421,-7.225,72.421,2022-02-10,2022,GY02215,1,-7.250352,72.451638,RFB,Immature Basic 2,2022-02-10T05:18:00Z,2022-02-26T17:13:26Z,"c(8067323.49778854, -809789.77344)",158.060881151013,2921,6409.84256569345,0.05411190727525282,45.000000000127216
229276,2022-02-10T16:49:37Z,B,-7.224,72.422,-7.224,72.422,2022-02-10,2022,GY02215,1,-7.250352,72.451638,RFB,Immature Basic 2,2022-02-10T05:18:00Z,2022-02-26T17:13:26Z,"c(8067323.49778854, -809789.77344)",158.060704892933,2681,6375.9031867789,0.05895587649866947,44.999999999745555
229276,2022-02-10T17:01:24Z,3,-7.226,72.416,-7.226,72.416,2022-02-10,2022,GY02215,1,-7.250352,72.451638,RFB,Immature Basic 2,2022-02-10T05:18:00Z,2022-02-26T17:13:26Z,"c(8067323.49778854, -809789.77344)",704.61179818288,707,6835.57392034098,0.9966220624934652,251.56505117708053
229276,2022-02-10T17:45:38Z,0,-7.211,72.422,-7.211,72.422,2022-02-10,2022,GY02215,1,-7.250352,72.451638,RFB,Immature Basic 2,2022-02-10T05:18:00Z,2022-02-26T17:13:26Z,"c(8067323.49778854, -809789.77344)",1810.81426295534,2654,7275.20681844148,0.6822962558234142,21.801409486352984
229276,2022-02-11T12:28:39Z,2,-7.224,72.414,-7.224,72.414,2022-02-11,2022,GY02215,1,-7.250352,72.451638,RFB,Immature Basic 2,2022-02-10T05:18:00Z,2022-02-26T17:13:26Z,"c(8067323.49778854, -809789.77344)",1709.07272844309,67381,7138.7890850284,0.025364312320136126,211.6075022462349
229276,2022-02-11T13:23:32Z,1,-7.232,72.422,-7.232,72.422,2022-02-11,2022,GY02215,1,-7.250352,72.451638,RFB,Immature Basic 2,2022-02-10T05:18:00Z,2022-02-26T17:13:26Z,"c(8067323.49778854, -809789.77344)",1264.49057574561,3293,5934.01364996754,0.38399349400109495,135.0000000000159
229276,2022-02-11T14:11:57Z,A,-7.236,72.427,-7.236,72.427,2022-02-11,2022,GY02215,1,-7.250352,72.451638,RFB,Immature Basic 2,2022-02-10T05:18:00Z,2022-02-26T17:13:26Z,"c(8067323.49778854, -809789.77344)",715.029872572892,2905,5240.10425028751,0.2461376497669162,128.659808254033
229276,2022-02-11T14:49:50Z,3,-7.228,72.412,-7.228,72.412,2022-02-11,2022,GY02215,1,-7.250352,72.451638,RFB,Immature Basic 2,2022-02-10T05:18:00Z,2022-02-26T17:13:26Z,"c(8067323.49778854, -809789.77344)",1895.80256469315,2273,7132.07058967451,0.8340530420999357,298.0724869358521
229276,2022-02-11T14:53:11Z,2,-7.229,72.408,-7.229,72.408,2022-02-11,2022,GY02215,1,-7.250352,72.451638,RFB,Immature Basic 2,2022-02-10T05:18:00Z,2022-02-26T17:13:26Z,"c(8067323.49778854, -809789.77344)",459.199134158053,201,7493.14634062039,2.284572806756485,255.96375653208548
229276,2022-02-11T15:44:39Z,B,-7.224,72.407,-7.224,72.407,2022-02-11,2022,GY02215,1,-7.250352,72.451638,RFB,Immature Basic 2,2022-02-10T05:18:00Z,2022-02-26T17:13:26Z,"c(8067323.49778854, -809789.77344)",571.991040473946,3088,7828.46535298708,0.1852302592208375,348.69006752592696
229276,2022-02-11T16:29:05Z,B,-7.220,72.403,-7.220,72.403,2022-02-11,2022,GY02215,1,-7.250352,72.451638,RFB,Immature Basic 2,2022-02-10T05:18:00Z,2022-02-26T17:13:26Z,"c(8067323.49778854, -809789.77344)",632.241057511796,2666,8429.28672634074,0.23714968398792066,315.00000000007
229276,2022-02-11T16:32:36Z,A,-7.226,72.405,-7.226,72.405,2022-02-11,2022,GY02215,1,-7.250352,72.451638,RFB,Immature Basic 2,2022-02-10T05:18:00Z,2022-02-26T17:13:26Z,"c(8067323.49778854, -809789.77344)",709.116897779355,211,7933.86644841798,3.3607435913713517,161.5650511771187
229276,2022-02-11T16:53:06Z,3,-7.227,72.405,-7.227,72.405,2022-02-11,2022,GY02215,1,-7.250352,72.451638,RFB,Immature Basic 2,2022-02-10T05:18:00Z,2022-02-26T17:13:26Z,"c(8067323.49778854, -809789.77344)",112.210823213216,1230,7888.50504467965,0.0912283115554601,180
229276,2022-02-11T17:23:31Z,3,-7.229,72.411,-7.229,72.411,2022-02-11,2022,GY02215,1,-7.250352,72.451638,RFB,Immature Basic 2,2022-02-10T05:18:00Z,2022-02-26T17:13:26Z,"c(8067323.49778854, -809789.77344)",704.612272747034,1825,7186.71938675051,0.3860889165737174,108.43494882291947
229276,2022-02-12T00:58:51Z,0,-7.226,72.400,-7.226,72.400,2022-02-12,2022,GY02215,1,-7.250352,72.451638,RFB,Immature Basic 2,2022-02-10T05:18:00Z,2022-02-26T17:13:26Z,"c(8067323.49778854, -809789.77344)",1269.94387038762,27320,8444.5755616774,0.046484036251377064,285.255118703064
229276,2022-02-12T01:10:50Z,3,-7.240,72.396,-7.240,72.396,2022-02-12,2022,GY02215,1,-7.250352,72.451638,RFB,Immature Basic 2,2022-02-10T05:18:00Z,2022-02-26T17:13:26Z,"c(8067323.49778854, -809789.77344)",1632.86013026995,719,8407.85645714528,2.2710154802085545,195.94539590094107
229276,2022-02-12T01:56:37Z,1,-7.374,72.247,-7.374,72.247,2022-02-12,2022,GY02215,1,-7.250352,72.451638,RFB,Immature Basic 2,2022-02-10T05:18:00Z,2022-02-26T17:13:26Z,"c(8067323.49778854, -809789.77344)",22389.4035352839,2747,28188.9717235683,8.150492732174706,228.03403964694527
229276,2022-02-12T02:03:17Z,0,-7.384,72.278,-7.384,72.278,2022-02-12,2022,GY02215,1,-7.250352,72.451638,RFB,Immature Basic 2,2022-02-10T05:18:00Z,2022-02-26T17:13:26Z,"c(8067323.49778854, -809789.77344)",3628.87393502656,400,25815.4601526073,9.07218483756639,107.87869659583929
229276,2022-02-12T02:38:50Z,A,-7.538,72.120,-7.538,72.120,2022-02-12,2022,GY02215,1,-7.250352,72.451638,RFB,Immature Basic 2,2022-02-10T05:18:00Z,2022-02-26T17:13:26Z,"c(8067323.49778854, -809789.77344)",24663.4247739525,2133,50271.4223195989,11.562787048266536,225.73452103425504
229276,2022-02-12T03:31:17Z,B,-7.786,72.007,-7.786,72.007,2022-02-12,2022,GY02215,1,-7.250352,72.451638,RFB,Immature Basic 2,2022-02-10T05:18:00Z,2022-02-26T17:13:26Z,"c(8067323.49778854, -809789.77344)",30564.493048687,3147,78812.8034401763,9.712263440955507,204.49615256085556
229276,2022-02-12T03:36:30Z,0,-7.728,72.114,-7.728,72.114,2022-02-12,2022,GY02215,1,-7.250352,72.451638,RFB,Immature Basic 2,2022-02-10T05:18:00Z,2022-02-26T17:13:26Z,"c(8067323.49778854, -809789.77344)",13577.0632943424,313,66264.1093075447,43.37719902345824,61.539824001228844
229276,2022-02-12T04:04:01Z,B,-7.790,72.079,-7.790,72.079,2022-02-12,2022,GY02215,1,-7.250352,72.451638,RFB,Immature Basic 2,2022-02-10T05:18:00Z,2022-02-26T17:13:26Z,"c(8067323.49778854, -809789.77344)",7981.19982263372,1651,74184.1727874182,4.83416100704647,209.44542872993304
229276,2022-02-12T04:31:46Z,0,-7.951,71.973,-7.951,71.973,2022-02-12,2022,GY02215,1,-7.250352,72.451638,RFB,Immature Basic 2,2022-02-10T05:18:00Z,2022-02-26T17:13:26Z,"c(8067323.49778854, -809789.77344)",21600.6723483132,1665,95764.678124183,12.973376785773707,213.3603112848689
229276,2022-02-12T05:18:40Z,A,-8.095,72.080,-8.095,72.080,2022-02-12,2022,GY02215,1,-7.250352,72.451638,RFB,Immature Basic 2,2022-02-10T05:18:00Z,2022-02-26T17:13:26Z,"c(8067323.49778854, -809789.77344)",20098.3241728349,2814,103863.376160583,7.142261610815547,143.38560023479752
229276,2022-02-12T05:33:39Z,2,-8.081,72.006,-8.081,72.006,2022-02-12,2022,GY02215,1,-7.250352,72.451638,RFB,Immature Basic 2,2022-02-10T05:18:00Z,2022-02-26T17:13:26Z,"c(8067323.49778854, -809789.77344)",8386.69409651382,899,106189.231268571,9.328914456633836,280.71312302279216
229276,2022-02-13T00:28:08Z,2,-9.342,72.925,-5.106,91.845,2022-02-13,2022,GY02215,1,-7.250352,72.451638,RFB,Immature Basic 2,2022-02-10T05:18:00Z,2022-02-26T17:13:26Z,"c(8067323.49778854, -809789.77344)",175026.117728114,68069,240196.636105923,2.5713043783236773,143.91593288747396
229276,2022-02-13T00:57:01Z,1,-9.407,72.915,-9.407,72.915,2022-02-13,2022,GY02215,1,-7.250352,72.451638,RFB,Immature Basic 2,2022-02-10T05:18:00Z,2022-02-26T17:13:26Z,"c(8067323.49778854, -809789.77344)",7417.71645335894,1733,247144.744668818,4.280274929808965,188.74616226254744
229276,2022-02-13T01:33:29Z,0,-9.490,73.039,-9.490,73.039,2022-02-13,2022,GY02215,1,-7.250352,72.451638,RFB,Immature Basic 2,2022-02-10T05:18:00Z,2022-02-26T17:13:26Z,"c(8067323.49778854, -809789.77344)",16681.5120709456,2188,259349.63567435,7.6240914401031254,123.79656513477174
229276,2022-02-13T01:52:40Z,1,-9.572,72.956,-9.572,72.956,2022-02-13,2022,GY02215,1,-7.250352,72.451638,RFB,Immature Basic 2,2022-02-10T05:18:00Z,2022-02-26T17:13:26Z,"c(8067323.49778854, -809789.77344)",13078.2878328071,1151,266305.226295226,11.362543729632543,225.34724289708558
229276,2022-02-13T02:07:15Z,1,-9.689,72.957,-9.689,72.957,2022-02-13,2022,GY02215,1,-7.250352,72.451638,RFB,Immature Basic 2,2022-02-10T05:18:00Z,2022-02-26T17:13:26Z,"c(8067323.49778854, -809789.77344)",13211.026602365,875,279274.782999141,15.098316116988622,179.5103044068754
229276,2022-02-13T03:12:32Z,2,-9.559,73.128,-9.559,73.128,2022-02-13,2022,GY02215,1,-7.250352,72.451638,RFB,Immature Basic 2,2022-02-10T05:18:00Z,2022-02-26T17:13:26Z,"c(8067323.49778854, -809789.77344)",24037.5205738483,3917,269432.078969895,6.136717021661556,52.75667146259326
229276,2022-02-13T03:25:54Z,1,-9.546,73.129,-9.546,73.129,2022-02-13,2022,GY02215,1,-7.250352,72.451638,RFB,Immature Basic 2,2022-02-10T05:18:00Z,2022-02-26T17:13:26Z,"c(8067323.49778854, -809789.77344)",1471.71792514828,802,268050.589820985,1.8350597570427467,4.398705355016487
229276,2022-02-13T03:50:05Z,1,-9.550,73.076,-9.550,73.076,2022-02-13,2022,GY02215,1,-7.250352,72.451638,RFB,Immature Basic 2,2022-02-10T05:18:00Z,2022-02-26T17:13:26Z,"c(8067323.49778854, -809789.77344)",5917.18612588959,1451,266933.183781497,4.07800560019958,265.6839724801339
229276,2022-02-13T04:12:18Z,1,-9.571,73.081,-9.571,73.081,2022-02-13,2022,GY02215,1,-7.250352,72.451638,RFB,Immature Basic 2,2022-02-10T05:18:00Z,2022-02-26T17:13:26Z,"c(8067323.49778854, -809789.77344)",2435.10039668097,1333,269367.537337742,1.8267819930089793,166.60750224622336
229276,2022-02-13T04:58:32Z,1,-9.506,73.037,-9.506,73.037,2022-02-13,2022,GY02215,1,-7.250352,72.451638,RFB,Immature Basic 2,2022-02-10T05:18:00Z,2022-02-26T17:13:26Z,"c(8067323.49778854, -809789.77344)",8821.88134178961,2774,261047.268978219,3.1802023582514805,325.9050220452361
229276,2022-02-13T05:25:18Z,1,-9.488,73.054,-9.488,73.054,2022-02-13,2022,GY02215,1,-7.250352,72.451638,RFB,Immature Basic 2,2022-02-10T05:18:00Z,2022-02-26T17:13:26Z,"c(8067323.49778854, -809789.77344)",2776.45029667705,1606,259543.956819055,1.728798441268397,43.36342295837532
229276,2022-02-13T05:48:35Z,0,-9.495,73.047,-9.495,73.047,2022-02-13,2022,GY02215,1,-7.250352,72.451638,RFB,Immature Basic 2,2022-02-10T05:18:00Z,2022-02-26T17:13:26Z,"c(8067323.49778854, -809789.77344)",1109.68098399302,1397,260115.383537814,0.7943314130229205,225.0000000000218
229276,2022-02-13T11:30:30Z,0,-9.319,72.800,-9.319,72.800,2022-02-13,2022,GY02215,1,-7.250352,72.451638,RFB,Immature Basic 2,2022-02-10T05:18:00Z,2022-02-26T17:13:26Z,"c(8067323.49778854, -809789.77344)",33917.8005191818,20515,235088.81533108,1.6533171103671374,305.4717953608575
229276,2022-02-14T12:39:18Z,0,-11.732,72.738,-12.500,76.633,2022-02-14,2022,GY02215,1,-7.250352,72.451638,RFB,Immature Basic 2,2022-02-10T05:18:00Z,2022-02-26T17:13:26Z,"c(8067323.49778854, -809789.77344)",273319.804287644,90528,506313.262768019,3.019174225517449,181.47184289278096
229276,2022-02-14T12:40:07Z,0,-11.737,72.737,-11.737,72.737,2022-02-14,2022,GY02215,1,-7.250352,72.451638,RFB,Immature Basic 2,2022-02-10T05:18:00Z,2022-02-26T17:13:26Z,"c(8067323.49778854, -809789.77344)",579.275121021784,49,506874.214723716,11.821941245342522,191.30993247407108
229276,2022-02-14T14:19:49Z,B,-11.679,72.720,-11.679,72.720,2022-02-14,2022,GY02215,1,-7.250352,72.451638,RFB,Immature Basic 2,2022-02-10T05:18:00Z,2022-02-26T17:13:26Z,"c(8067323.49778854, -809789.77344)",6859.91199826979,5982,500183.131781781,1.1467589432079215,343.6639571102852
229276,2022-02-14T14:20:24Z,0,-11.596,72.481,-11.596,72.481,2022-02-14,2022,GY02215,1,-7.250352,72.451638,RFB,Immature Basic 2,2022-02-10T05:18:00Z,2022-02-26T17:13:26Z,"c(8067323.49778854, -809789.77344)",28228.2630872025,35,489976.405832879,806.5218024914999,289.15110876839213
229276,2022-02-14T15:14:29Z,1,-11.416,72.352,-11.416,72.352,2022-02-14,2022,GY02215,1,-7.250352,72.451638,RFB,Immature Basic 2,2022-02-10T05:18:00Z,2022-02-26T17:13:26Z,"c(8067323.49778854, -809789.77344)",24987.0963967607,3245,469710.13212252,7.700183789448585,324.372092708581
229276,2022-02-14T15:56:08Z,1,-11.402,72.343,-11.402,72.343,2022-02-14,2022,GY02215,1,-7.250352,72.451638,RFB,Immature Basic 2,2022-02-10T05:18:00Z,2022-02-26T17:13:26Z,"c(8067323.49778854, -809789.77344)",1879.2288467939,2499,468150.051474959,0.7519923356518191,327.2647737278935
229276,2022-02-14T16:17:52Z,B,-11.401,72.343,-11.401,72.343,2022-02-14,2022,GY02215,1,-7.250352,72.451638,RFB,Immature Basic 2,2022-02-10T05:18:00Z,2022-02-26T17:13:26Z,"c(8067323.49778854, -809789.77344)",113.560493617784,1304,468036.542787498,0.08708626811179772,0
229276,2022-02-14T16:22:34Z,2,-11.408,72.326,-11.408,72.326,2022-02-14,2022,GY02215,1,-7.250352,72.451638,RFB,Immature Basic 2,2022-02-10T05:18:00Z,2022-02-26T17:13:26Z,"c(8067323.49778854, -809789.77344)",2052.61127274326,282,468891.994112448,7.278763378522209,247.61986494805336
229276,2022-02-14T17:13:14Z,B,-11.364,72.293,-11.364,72.293,2022-02-14,2022,GY02215,1,-7.250352,72.451638,RFB,Immature Basic 2,2022-02-10T05:18:00Z,2022-02-26T17:13:26Z,"c(8067323.49778854, -809789.77344)",6201.51813812691,3040,464040.01949487,2.039973071752274,323.13010235416596
229276,2022-02-14T17:57:35Z,1,-11.238,72.160,-11.238,72.160,2022-02-14,2022,GY02215,1,-7.250352,72.451638,RFB,Immature Basic 2,2022-02-10T05:18:00Z,2022-02-26T17:13:26Z,"c(8067323.49778854, -809789.77344)",20586.2872771312,2661,450641.181394263,7.736297360815919,313.4518423010202
229276,2022-02-14T17:59:21Z,2,-11.241,72.152,-11.241,72.152,2022-02-14,2022,GY02215,1,-7.250352,72.451638,RFB,Immature Basic 2,2022-02-10T05:18:00Z,2022-02-26T17:13:26Z,"c(8067323.49778854, -809789.77344)",953.426668696779,106,451049.690398863,8.994591214120554,249.44395478040536
229276,2022-02-15T12:26:27Z,A,-11.906,72.135,-11.906,72.135,2022-02-15,2022,GY02215,1,-7.250352,72.451638,RFB,Immature Basic 2,2022-02-10T05:18:00Z,2022-02-26T17:13:26Z,"c(8067323.49778854, -809789.77344)",75587.9668386554,66426,526544.936108151,1.1379274205680818,181.46438519501126
229276,2022-02-15T13:41:06Z,2,-11.896,72.221,-11.896,72.221,2022-02-15,2022,GY02215,1,-7.250352,72.451638,RFB,Immature Basic 2,2022-02-10T05:18:00Z,2022-02-26T17:13:26Z,"c(8067323.49778854, -809789.77344)",9640.83451673711,4479,524817.539153057,2.1524524484789267,83.36748538486157
229276,2022-02-15T13:56:47Z,A,-11.889,72.220,-11.889,72.220,2022-02-15,2022,GY02215,1,-7.250352,72.451638,RFB,Immature Basic 2,2022-02-10T05:18:00Z,2022-02-26T17:13:26Z,"c(8067323.49778854, -809789.77344)",804.071942144056,941,524028.223546164,0.8544866547758301,351.8698976458074
229276,2022-02-15T14:01:06Z,3,-11.897,72.218,-11.897,72.218,2022-02-15,2022,GY02215,1,-7.250352,72.451638,RFB,Immature Basic 2,2022-02-10T05:18:00Z,2022-02-26T17:13:26Z,"c(8067323.49778854, -809789.77344)",936.928602113731,259,524948.883676933,3.6174849502460664,194.0362434678935
229276,2022-02-15T14:50:28Z,1,-11.893,72.225,-11.893,72.225,2022-02-15,2022,GY02215,1,-7.250352,72.451638,RFB,Immature Basic 2,2022-02-10T05:18:00Z,2022-02-26T17:13:26Z,"c(8067323.49778854, -809789.77344)",902.374223560977,2962,524453.385089629,0.30465031180316576,60.255118703028025
229276,2022-02-15T15:40:34Z,0,-11.878,72.145,-11.878,72.145,2022-02-15,2022,GY02215,1,-7.250352,72.451638,RFB,Immature Basic 2,2022-02-10T05:18:00Z,2022-02-26T17:13:26Z,"c(8067323.49778854, -809789.77344)",9067.5631676943,3006,523289.532436659,3.016488079738624,280.61965527615575
229276,2022-02-15T15:57:43Z,2,-11.860,72.114,-11.860,72.114,2022-02-15,2022,GY02215,1,-7.250352,72.451638,RFB,Immature Basic 2,2022-02-10T05:18:00Z,2022-02-26T17:13:26Z,"c(8067323.49778854, -809789.77344)",4012.61798402049,1029,521497.809110962,3.899531568533036,300.14138555208297
229276,2022-02-15T16:46:03Z,B,-11.893,72.099,-11.893,72.099,2022-02-15,2022,GY02215,1,-7.250352,72.451638,RFB,Immature Basic 2,2022-02-10T05:18:00Z,2022-02-26T17:13:26Z,"c(8067323.49778854, -809789.77344)",4108.52539327443,2900,525369.558365538,1.4167328942325614,204.44395478041653
229276,2022-02-15T17:39:59Z,2,-11.910,71.998,-11.910,71.998,2022-02-15,2022,GY02215,1,-7.250352,72.451638,RFB,Immature Basic 2,2022-02-10T05:18:00Z,2022-02-26T17:13:26Z,"c(8067323.49778854, -809789.77344)",11408.394520939,3236,528297.127009054,3.525461842070148,260.4457103275985
229276,2022-02-15T17:42:19Z,3,-11.908,71.996,-11.908,71.996,2022-02-15,2022,GY02215,1,-7.250352,72.451638,RFB,Immature Basic 2,2022-02-10T05:18:00Z,2022-02-26T17:13:26Z,"c(8067323.49778854, -809789.77344)",318.340859323126,140,528092.918252849,2.2738632808794743,314.9999999998728
229276,2022-02-16T00:09:19Z,B,-11.845,71.715,-11.845,71.715,2022-02-16,2022,GY02215,1,-7.250352,72.451638,RFB,Immature Basic 2,2022-02-10T05:18:00Z,2022-02-26T17:13:26Z,"c(8067323.49778854, -809789.77344)",32091.2181946661,23220,525054.040444622,1.3820507405110305,282.63670923792444
229276,2022-02-16T00:32:22Z,3,-11.811,71.739,-11.811,71.739,2022-02-16,2022,GY02215,1,-7.250352,72.451638,RFB,Immature Basic 2,2022-02-10T05:18:00Z,2022-02-26T17:13:26Z,"c(8067323.49778854, -809789.77344)",4700.13365630076,1383,520813.187074377,3.3985058975421225,35.21759296819319
229276,2022-02-16T01:13:22Z,B,-11.822,71.713,-11.822,71.713,2022-02-16,2022,GY02215,1,-7.250352,72.451638,RFB,Immature Basic 2,2022-02-10T05:18:00Z,2022-02-26T17:13:26Z,"c(8067323.49778854, -809789.77344)",3153.10586273553,2460,522507.857012613,1.2817503507055013,247.06789956241994
229276,2022-02-16T01:43:12Z,0,-11.944,71.638,-11.944,71.638,2022-02-16,2022,GY02215,1,-7.250352,72.451638,RFB,Immature Basic 2,2022-02-10T05:18:00Z,2022-02-26T17:13:26Z,"c(8067323.49778854, -809789.77344)",16196.1400651027,1790,537584.569694888,9.04812294139818,211.581291918927
229276,2022-02-16T01:56:24Z,1,-11.980,71.731,-11.980,71.731,2022-02-16,2022,GY02215,1,-7.250352,72.451638,RFB,Immature Basic 2,2022-02-10T05:18:00Z,2022-02-26T17:13:26Z,"c(8067323.49778854, -809789.77344)",11133.7147294887,792,539946.258310209,14.057720618041346,111.16125981683028
229276,2022-02-16T02:12:58Z,1,-11.995,71.642,-11.995,71.642,2022-02-16,2022,GY02215,1,-7.250352,72.451638,RFB,Immature Basic 2,2022-02-10T05:18:00Z,2022-02-26T17:13:26Z,"c(8067323.49778854, -809789.77344)",10053.415855646,994,543226.453420142,10.114100458396335,260.43331401028615
229276,2022-02-16T02:49:28Z,1,-12.097,71.726,-12.097,71.726,2022-02-16,2022,GY02215,1,-7.250352,72.451638,RFB,Immature Basic 2,2022-02-10T05:18:00Z,2022-02-26T17:13:26Z,"c(8067323.49778854, -809789.77344)",14907.578611642,2190,553194.82363909,6.807113521297725,140.5275401516552
229276,2022-02-16T03:36:10Z,1,-12.100,71.722,-12.100,71.722,2022-02-16,2022,GY02215,1,-7.250352,72.451638,RFB,Immature Basic 2,2022-02-10T05:18:00Z,2022-02-26T17:13:26Z,"c(8067323.49778854, -809789.77344)",561.181956109015,2802,553599.320416431,0.20027907070271758,233.13010235418855
229276,2022-02-16T03:50:21Z,B,-12.089,71.729,-12.089,71.729,2022-02-16,2022,GY02215,1,-7.250352,72.451638,RFB,Immature Basic 2,2022-02-10T05:18:00Z,2022-02-26T17:13:26Z,"c(8067323.49778854, -809789.77344)",1474.95544185268,851,552244.357191621,1.7332026343744813,32.47119229086884
229276,2022-02-16T04:47:56Z,2,-12.038,71.937,-12.038,71.937,2022-02-16,2022,GY02215,1,-7.250352,72.451638,RFB,Immature Basic 2,2022-02-10T05:18:00Z,2022-02-26T17:13:26Z,"c(8067323.49778854, -809789.77344)",23871.1660586057,3455,543492.014562424,6.909165284690517,76.22330528675346
229276,2022-02-16T04:54:22Z,1,-12.041,71.926,-12.041,71.926,2022-02-16,2022,GY02215,1,-7.250352,72.451638,RFB,Immature Basic 2,2022-02-10T05:18:00Z,2022-02-26T17:13:26Z,"c(8067323.49778854, -809789.77344)",1271.23439194166,386,543966.403551027,3.2933533469991176,254.74488129693594
229276,2022-02-16T05:31:50Z,B,-12.040,71.975,-12.040,71.975,2022-02-16,2022,GY02215,1,-7.250352,72.451638,RFB,Immature Basic 2,2022-02-10T05:18:00Z,2022-02-26T17:13:26Z,"c(8067323.49778854, -809789.77344)",5455.84251110758,2248,543272.958946477,2.4269762060087086,88.83086067209096
229276,2022-02-16T23:54:57Z,0,-10.960,72.933,-10.960,72.933,2022-02-16,2022,GY02215,1,-7.250352,72.451638,RFB,Immature Basic 2,2022-02-10T05:18:00Z,2022-02-26T17:13:26Z,"c(8067323.49778854, -809789.77344)",162560.136759224,66187,420948.46524138,2.4560735002224647,41.574213309035756
229276,2022-02-17T00:04:15Z,0,-10.912,72.936,-10.912,72.936,2022-02-17,2022,GY02215,1,-7.250352,72.451638,RFB,Immature Basic 2,2022-02-10T05:18:00Z,2022-02-26T17:13:26Z,"c(8067323.49778854, -809789.77344)",5452.40412546853,558,415589.333129358,9.771333558187337,3.5763343749974834
229276,2022-02-17T01:02:11Z,0,-10.805,73.050,-10.805,73.050,2022-02-17,2022,GY02215,1,-7.250352,72.451638,RFB,Immature Basic 2,2022-02-10T05:18:00Z,2022-02-26T17:13:26Z,"c(8067323.49778854, -809789.77344)",17554.0150907429,3476,405385.358689916,5.050061878809799,46.81419190902719
229276,2022-02-17T01:28:13Z,0,-10.719,73.136,-10.719,73.136,2022-02-17,2022,GY02215,1,-7.250352,72.451638,RFB,Immature Basic 2,2022-02-10T05:18:00Z,2022-02-26T17:13:26Z,"c(8067323.49778854, -809789.77344)",13660.6760523471,1562,397441.975465181,8.745631275510313,44.9999999999994
229276,2022-02-17T01:30:21Z,B,-10.713,73.150,-10.713,73.150,2022-02-17,2022,GY02215,1,-7.250352,72.451638,RFB,Immature Basic 2,2022-02-10T05:18:00Z,2022-02-26T17:13:26Z,"c(8067323.49778854, -809789.77344)",1700.27263673636,128,397068.314306586,13.283379974502825,66.80140948636586
229276,2022-02-17T01:43:28Z,0,-10.647,73.105,-10.647,73.105,2022-02-17,2022,GY02215,1,-7.250352,72.451638,RFB,Immature Basic 2,2022-02-10T05:18:00Z,2022-02-26T17:13:26Z,"c(8067323.49778854, -809789.77344)",8999.63357947369,787,388789.530010224,11.435366682939883,325.7131230227896
229276,2022-02-17T02:43:18Z,1,-10.403,73.164,-10.403,73.164,2022-02-17,2022,GY02215,1,-7.250352,72.451638,RFB,Immature Basic 2,2022-02-10T05:18:00Z,2022-02-26T17:13:26Z,"c(8067323.49778854, -809789.77344)",28396.7637089029,3590,362998.957473859,7.909962035906099,13.593386358634701
229276,2022-02-17T02:45:51Z,B,-10.396,73.175,-10.396,73.175,2022-02-17,2022,GY02215,1,-7.250352,72.451638,RFB,Immature Basic 2,2022-02-10T05:18:00Z,2022-02-26T17:13:26Z,"c(8067323.49778854, -809789.77344)",1458.4569541908,153,362488.036403728,9.53239839340394,57.52880770914253
229276,2022-02-17T03:12:03Z,A,-10.387,73.286,-10.387,73.286,2022-02-17,2022,GY02215,1,-7.250352,72.451638,RFB,Immature Basic 2,2022-02-10T05:18:00Z,2022-02-26T17:13:26Z,"c(8067323.49778854, -809789.77344)",12398.3748484377,1572,364375.959566493,7.887006901041771,85.36453657309737
229276,2022-02-17T04:28:24Z,1,-10.515,73.210,-10.515,73.210,2022-02-17,2022,GY02215,1,-7.250352,72.451638,RFB,Immature Basic 2,2022-02-10T05:18:00Z,2022-02-26T17:13:26Z,"c(8067323.49778854, -809789.77344)",16778.4171350586,4581,376483.807235778,3.662610158275188,210.6997225508169
229276,2022-02-17T04:45:07Z,2,-10.533,73.284,-10.533,73.284,2022-02-17,2022,GY02215,1,-7.250352,72.451638,RFB,Immature Basic 2,2022-02-10T05:18:00Z,2022-02-26T17:13:26Z,"c(8067323.49778854, -809789.77344)",8486.00802162722,1003,380350.671164378,8.46062614319763,103.67130713219285
229276,2022-02-17T05:08:49Z,B,-10.506,73.291,-10.506,73.291,2022-02-17,2022,GY02215,1,-7.250352,72.451638,RFB,Immature Basic 2,2022-02-10T05:18:00Z,2022-02-26T17:13:26Z,"c(8067323.49778854, -809789.77344)",3154.75744124943,1422,377570.250964208,2.2185354720460135,14.534455080522198
229276,2022-02-17T11:54:07Z,B,-9.752,73.971,-9.752,73.971,2022-02-17,2022,GY02215,1,-7.250352,72.451638,RFB,Immature Basic 2,2022-02-10T05:18:00Z,2022-02-26T17:13:26Z,"c(8067323.49778854, -809789.77344)",114017.981747494,24318,326992.231697633,4.68862495877515,42.04593435762714
229276,2022-02-18T11:37:31Z,B,-8.255,72.368,-15.105,107.944,2022-02-18,2022,GY02215,1,-7.250352,72.451638,RFB,Immature Basic 2,2022-02-10T05:18:00Z,2022-02-26T17:13:26Z,"c(8067323.49778854, -809789.77344)",245585.451526852,85404,112920.803687836,2.8755731760438845,313.0416169993383
229276,2022-02-18T12:10:57Z,0,-8.157,72.365,-8.157,72.365,2022-02-18,2022,GY02215,1,-7.250352,72.451638,RFB,Immature Basic 2,2022-02-10T05:18:00Z,2022-02-26T17:13:26Z,"c(8067323.49778854, -809789.77344)",11027.22234423,2006,101998.258009887,5.497119812676982,358.2465951399284
229276,2022-02-18T13:09:53Z,1,-7.846,72.301,-7.846,72.301,2022-02-18,2022,GY02215,1,-7.250352,72.451638,RFB,Immature Basic 2,2022-02-10T05:18:00Z,2022-02-26T17:13:26Z,"c(8067323.49778854, -809789.77344)",35679.309420592,3536,68980.5385684291,10.09030243795022,348.3715643116538
229276,2022-02-18T13:28:29Z,0,-7.806,72.315,-7.806,72.315,2022-02-18,2022,GY02215,1,-7.250352,72.451638,RFB,Immature Basic 2,2022-02-10T05:18:00Z,2022-02-26T17:13:26Z,"c(8067323.49778854, -809789.77344)",4757.16781518902,1116,64231.8261352646,4.262695174900559,19.290046219183353
229276,2022-02-18T13:36:28Z,B,-7.805,72.294,-7.805,72.294,2022-02-18,2022,GY02215,1,-7.250352,72.451638,RFB,Immature Basic 2,2022-02-10T05:18:00Z,2022-02-26T17:13:26Z,"c(8067323.49778854, -809789.77344)",2340.40801821962,479,64791.7696275676,4.886029265594189,272.7263109939071
229276,2022-02-18T13:52:23Z,1,-7.619,72.311,-7.619,72.311,2022-02-18,2022,GY02215,1,-7.250352,72.451638,RFB,Immature Basic 2,2022-02-10T05:18:00Z,2022-02-26T17:13:26Z,"c(8067323.49778854, -809789.77344)",20979.947123305,955,44532.6782598364,21.968531019167497,5.2222019445898615
229276,2022-02-18T15:08:06Z,0,-7.289,72.372,-7.289,72.372,2022-02-18,2022,GY02215,1,-7.250352,72.451638,RFB,Immature Basic 2,2022-02-10T05:18:00Z,2022-02-26T17:13:26Z,"c(8067323.49778854, -809789.77344)",37665.7303658477,4543,11557.3134844622,8.290937786891423,10.472824019116432
229276,2022-02-18T15:15:39Z,1,-7.256,72.402,-7.256,72.402,2022-02-18,2022,GY02215,1,-7.250352,72.451638,RFB,Immature Basic 2,2022-02-10T05:18:00Z,2022-02-26T17:13:26Z,"c(8067323.49778854, -809789.77344)",4986.73433498511,453,7570.55712119714,11.008243565088547,42.273689006095275
229276,2022-02-18T16:37:56Z,1,-7.220,72.430,-7.220,72.430,2022-02-18,2022,GY02215,1,-7.250352,72.451638,RFB,Immature Basic 2,2022-02-10T05:18:00Z,2022-02-26T17:13:26Z,"c(8067323.49778854, -809789.77344)",5102.39816520522,4937,5937.36497495527,1.0335017551560104,37.87498365110359
229276,2022-02-18T17:07:10Z,3,-7.228,72.410,-7.228,72.410,2022-02-18,2022,GY02215,1,-7.250352,72.451638,RFB,Immature Basic 2,2022-02-10T05:18:00Z,2022-02-26T17:13:26Z,"c(8067323.49778854, -809789.77344)",2400.55075022217,1754,7334.23136717822,1.3686150229316836,248.19859051365827
229276,2022-02-19T12:55:45Z,2,-7.248,72.457,-7.248,72.457,2022-02-19,2022,GY02215,1,-7.250352,72.451638,RFB,Immature Basic 2,2022-02-10T05:18:00Z,2022-02-26T17:13:26Z,"c(8067323.49778854, -809789.77344)",5693.04455391779,71315,1646.60058105165,0.07982955274371156,113.0513009164748
229276,2022-02-19T13:21:30Z,3,-7.250,72.453,-7.250,72.453,2022-02-19,2022,GY02215,1,-7.250352,72.451638,RFB,Immature Basic 2,2022-02-10T05:18:00Z,2022-02-26T17:13:26Z,"c(8067323.49778854, -809789.77344)",498.640716119713,1545,1973.85774664872,0.3227448000774839,243.43494882287112
229276,2022-02-19T14:50:35Z,3,-7.249,72.458,-7.249,72.458,2022-02-19,2022,GY02215,1,-7.250352,72.451638,RFB,Immature Basic 2,2022-02-10T05:18:00Z,2022-02-26T17:13:26Z,"c(8067323.49778854, -809789.77344)",567.796863798478,5345,1495.92416722414,0.10622953485471996,78.69006752596609
229276,2022-02-19T14:54:28Z,3,-7.250,72.455,-7.250,72.455,2022-02-19,2022,GY02215,1,-7.250352,72.451638,RFB,Immature Basic 2,2022-02-10T05:18:00Z,2022-02-26T17:13:26Z,"c(8067323.49778854, -809789.77344)",352.307839895444,233,1761.54039012894,1.5120508150019072,251.5650511770729
229276,2022-02-19T16:19:25Z,3,-7.251,72.449,-7.251,72.449,2022-02-19,2022,GY02215,1,-7.250352,72.451638,RFB,Immature Basic 2,2022-02-10T05:18:00Z,2022-02-26T17:13:26Z,"c(8067323.49778854, -809789.77344)",677.278121448556,5097,2380.4135731023,0.13287779506544165,260.53767779197165
229276,2022-02-19T17:00:45Z,3,-7.250,72.450,-7.250,72.450,2022-02-19,2022,GY02215,1,-7.250352,72.451638,RFB,Immature Basic 2,2022-02-10T05:18:00Z,2022-02-26T17:13:26Z,"c(8067323.49778854, -809789.77344)",158.06529577168,2480,2296.00296741578,0.06373600635954825,45.000000000127216
229276,2022-02-19T18:00:01Z,B,-7.220,72.468,-7.220,72.468,2022-02-19,2022,GY02215,1,-7.250352,72.451638,RFB,Immature Basic 2,2022-02-10T05:18:00Z,2022-02-26T17:13:26Z,"c(8067323.49778854, -809789.77344)",3917.59955009473,3556,3933.77992689025,1.1016871625688203,30.96375653207427
229276,2022-02-20T00:11:28Z,3,-7.250,72.451,-7.250,72.451,2022-02-20,2022,GY02215,1,-7.250352,72.451638,RFB,Immature Basic 2,2022-02-10T05:18:00Z,2022-02-26T17:13:26Z,"c(8067323.49778854, -809789.77344)",3861.84738419885,22287,2188.22770620478,0.17327802684070776,209.5387822595725
229276,2022-02-20T00:45:44Z,A,-7.251,72.452,-7.251,72.452,2022-02-20,2022,GY02215,1,-7.250352,72.451638,RFB,Immature Basic 2,2022-02-10T05:18:00Z,2022-02-26T17:13:26Z,"c(8067323.49778854, -809789.77344)",158.06529577168,2056,2053.41213165938,0.07688000767105042,134.99999999987278
229276,2022-02-20T01:50:28Z,0,-7.116,72.642,-7.116,72.642,2022-02-20,2022,GY02215,1,-7.250352,72.451638,RFB,Immature Basic 2,2022-02-10T05:18:00Z,2022-02-26T17:13:26Z,"c(8067323.49778854, -809789.77344)",26015.0858734756,3884,24694.8941734559,6.698013870616782,54.60520415501248
229276,2022-02-20T01:52:48Z,1,-7.098,72.674,-7.098,72.674,2022-02-20,2022,GY02215,1,-7.250352,72.451638,RFB,Immature Basic 2,2022-02-10T05:18:00Z,2022-02-26T17:13:26Z,"c(8067323.49778854, -809789.77344)",4094.73682669558,140,28740.2266645434,29.24812019068272,60.64224645721719
229276,2022-02-20T02:06:55Z,1,-7.044,72.743,-7.044,72.743,2022-02-20,2022,GY02215,1,-7.250352,72.451638,RFB,Immature Basic 2,2022-02-10T05:18:00Z,2022-02-26T17:13:26Z,"c(8067323.49778854, -809789.77344)",9782.10641065186,847,38522.0985272462,11.54912209049806,51.95295746816911
229276,2022-02-20T03:21:56Z,0,-6.903,73.008,-6.903,73.008,2022-02-20,2022,GY02215,1,-7.250352,72.451638,RFB,Immature Basic 2,2022-02-10T05:18:00Z,2022-02-26T17:13:26Z,"c(8067323.49778854, -809789.77344)",33470.6165850588,4501,71734.9593031534,7.436262293947746,61.98365235591439
229276,2022-02-20T03:34:26Z,A,-6.703,73.041,-6.703,73.041,2022-02-20,2022,GY02215,1,-7.250352,72.451638,RFB,Immature Basic 2,2022-02-10T05:18:00Z,2022-02-26T17:13:26Z,"c(8067323.49778854, -809789.77344)",22720.7151379926,750,88728.9248672964,30.294286850656842,9.369385096487864
229276,2022-02-20T03:42:46Z,A,-6.767,72.965,-6.767,72.965,2022-02-20,2022,GY02215,1,-7.250352,72.451638,RFB,Immature Basic 2,2022-02-10T05:18:00Z,2022-02-26T17:13:26Z,"c(8067323.49778854, -809789.77344)",11092.4286602736,500,77666.563029628,22.184857320547234,229.89909245378527
229276,2022-02-20T04:07:28Z,A,-6.646,73.194,-6.646,73.194,2022-02-20,2022,GY02215,1,-7.250352,72.451638,RFB,Immature Basic 2,2022-02-10T05:18:00Z,2022-02-26T17:13:26Z,"c(8067323.49778854, -809789.77344)",28875.4360502209,1482,105640.52469695,19.48409989893448,62.14873119081174
229276,2022-02-20T04:13:22Z,B,-6.740,72.982,-6.740,72.982,2022-02-20,2022,GY02215,1,-7.250352,72.451638,RFB,Immature Basic 2,2022-02-10T05:18:00Z,2022-02-26T17:13:26Z,"c(8067323.49778854, -809789.77344)",25844.7518133691,354,81146.2225873515,73.00777348409358,246.08768244824938
229276,2022-02-20T05:04:17Z,2,-6.635,73.154,-6.635,73.154,2022-02-20,2022,GY02215,1,-7.250352,72.451638,RFB,Immature Basic 2,2022-02-10T05:18:00Z,2022-02-26T17:13:26Z,"c(8067323.49778854, -809789.77344)",22474.5684385182,3055,103111.149695006,7.356650880038685,58.59739076026592
229276,2022-02-20T05:46:37Z,0,-6.546,73.265,-6.546,73.265,2022-02-20,2022,GY02215,1,-7.250352,72.451638,RFB,Immature Basic 2,2022-02-10T05:18:00Z,2022-02-26T17:13:26Z,"c(8067323.49778854, -809789.77344)",15879.2231951836,2540,118964.819888592,6.251662675269115,51.27729848959877
229276,2022-02-20T23:40:33Z,B,-5.959,74.249,-5.959,74.249,2022-02-20,2022,GY02215,1,-7.250352,72.451638,RFB,Immature Basic 2,2022-02-10T05:18:00Z,2022-02-26T17:13:26Z,"c(8067323.49778854, -809789.77344)",127749.205307997,64436,245586.675849345,1.9825750404742233,59.182033940845535
229276,2022-02-21T00:29:44Z,1,-6.006,74.223,-6.006,74.223,2022-02-21,2022,GY02215,1,-7.250352,72.451638,RFB,Immature Basic 2,2022-02-10T05:18:00Z,2022-02-26T17:13:26Z,"c(8067323.49778854, -809789.77344)",6004.30086002695,2951,240154.970660824,2.0346665062781932,208.950995207463
229276,2022-02-21T01:18:14Z,1,-5.936,74.246,-5.936,74.246,2022-02-21,2022,GY02215,1,-7.250352,72.451638,RFB,Immature Basic 2,2022-02-10T05:18:00Z,2022-02-26T17:13:26Z,"c(8067323.49778854, -809789.77344)",8242.60856835528,2910,246850.206466099,2.832511535517279,18.189045699648386
229276,2022-02-21T01:27:22Z,0,-5.909,74.256,-5.909,74.256,2022-02-21,2022,GY02215,1,-7.250352,72.451638,RFB,Immature Basic 2,2022-02-10T05:18:00Z,2022-02-26T17:13:26Z,"c(8067323.49778854, -809789.77344)",3220.28071347229,548,249557.333739659,5.8764246596209695,20.323136829672396
229276,2022-02-21T01:57:11Z,0,-5.758,74.315,-5.758,74.315,2022-02-21,2022,GY02215,1,-7.250352,72.451638,RFB,Immature Basic 2,2022-02-10T05:18:00Z,2022-02-26T17:13:26Z,"c(8067323.49778854, -809789.77344)",18128.3416041894,1789,265172.198096841,10.133226162207606,21.342003001236506
229276,2022-02-21T02:01:49Z,B,-5.772,74.379,-5.772,74.379,2022-02-21,2022,GY02215,1,-7.250352,72.451638,RFB,Immature Basic 2,2022-02-10T05:18:00Z,2022-02-26T17:13:26Z,"c(8067323.49778854, -809789.77344)",7294.6106924512,278,269760.158389031,26.239606807378408,102.33908727832505
229276,2022-02-21T03:01:08Z,B,-5.677,74.475,-5.677,74.475,2022-02-21,2022,GY02215,1,-7.250352,72.451638,RFB,Immature Basic 2,2022-02-10T05:18:00Z,2022-02-26T17:13:26Z,"c(8067323.49778854, -809789.77344)",15072.0568864621,3559,284731.168029066,4.234913426935124,45.29997516230056
229276,2022-02-21T03:10:27Z,3,-5.791,74.310,-5.791,74.310,2022-02-21,2022,GY02215,1,-7.250352,72.451638,RFB,Immature Basic 2,2022-02-10T05:18:00Z,2022-02-26T17:13:26Z,"c(8067323.49778854, -809789.77344)",22361.6555829557,559,262417.584687088,40.00296168686168,235.35905248808223
229276,2022-02-21T03:30:12Z,1,-5.782,74.318,-5.782,74.318,2022-02-21,2022,GY02215,1,-7.250352,72.451638,RFB,Immature Basic 2,2022-02-10T05:18:00Z,2022-02-26T17:13:26Z,"c(8067323.49778854, -809789.77344)",1344.30361442335,1185,263742.284010643,1.1344334298931247,41.633539336553355
229276,2022-02-21T04:44:26Z,0,-5.646,74.201,-5.646,74.201,2022-02-21,2022,GY02215,1,-7.250352,72.451638,RFB,Immature Basic 2,2022-02-10T05:18:00Z,2022-02-26T17:13:26Z,"c(8067323.49778854, -809789.77344)",20028.2887119764,4454,263865.038658085,4.496697061512441,319.2947832570216
229276,2022-02-21T05:33:52Z,0,-5.385,74.185,-5.385,74.185,2022-02-21,2022,GY02215,1,-7.250352,72.451638,RFB,Immature Basic 2,2022-02-10T05:18:00Z,2022-02-26T17:13:26Z,"c(8067323.49778854, -809789.77344)",29243.8436893004,2966,283402.497404186,9.859691061800545,356.4920050242681
229276,2022-02-21T12:16:54Z,0,-5.679,74.587,-9.414,91.332,2022-02-21,2022,GY02215,1,-7.250352,72.451638,RFB,Immature Basic 2,2022-02-10T05:18:00Z,2022-02-26T17:13:26Z,"c(8067323.49778854, -809789.77344)",55531.6924734548,24182,294471.954300861,2.2964061067510873,126.17962044797893
229276,2022-02-21T12:23:09Z,B,-5.678,74.586,-5.678,74.586,2022-02-21,2022,GY02215,1,-7.250352,72.451638,RFB,Immature Basic 2,2022-02-10T05:18:00Z,2022-02-26T17:13:26Z,"c(8067323.49778854, -809789.77344)",157.818187423362,375,294449.985336266,0.4208484997956321,314.9999999998728
229276,2022-02-22T11:49:33Z,B,-6.722,73.668,-6.722,73.668,2022-02-22,2022,GY02215,1,-7.250352,72.451638,RFB,Immature Basic 2,2022-02-10T05:18:00Z,2022-02-26T17:13:26Z,"c(8067323.49778854, -809789.77344)",155271.900897865,84384,146145.316854598,1.8400632927790275,221.32550047917007
229276,2022-02-22T12:11:33Z,B,-6.737,73.594,-6.737,73.594,2022-02-22,2022,GY02215,1,-7.250352,72.451638,RFB,Immature Basic 2,2022-02-10T05:18:00Z,2022-02-26T17:13:26Z,"c(8067323.49778854, -809789.77344)",8407.48340610173,1320,137952.766371256,6.3693056106831305,258.54124765412485
229276,2022-02-22T13:22:39Z,1,-7.118,72.915,-4.072,59.320,2022-02-22,2022,GY02215,1,-7.250352,72.451638,RFB,Immature Basic 2,2022-02-10T05:18:00Z,2022-02-26T17:13:26Z,"c(8067323.49778854, -809789.77344)",86825.3117630398,4266,51867.2870920461,20.352862579240472,240.70237633737167
229276,2022-02-22T13:42:01Z,A,-7.204,72.797,-7.204,72.797,2022-02-22,2022,GY02215,1,-7.250352,72.451638,RFB,Immature Basic 2,2022-02-10T05:18:00Z,2022-02-26T17:13:26Z,"c(8067323.49778854, -809789.77344)",16298.6129514288,1162,36848.5766300333,14.02634505286474,233.9149269571502
229276,2022-02-22T14:20:48Z,1,-7.284,72.548,-7.284,72.548,2022-02-22,2022,GY02215,1,-7.250352,72.451638,RFB,Immature Basic 2,2022-02-10T05:18:00Z,2022-02-26T17:13:26Z,"c(8067323.49778854, -809789.77344)",29136.0356904602,2327,9272.77647705415,12.520857623747395,252.1885598347216
229276,2022-02-22T15:13:40Z,3,-7.249,72.455,-7.249,72.455,2022-02-22,2022,GY02215,1,-7.250352,72.451638,RFB,Immature Basic 2,2022-02-10T05:18:00Z,2022-02-26T17:13:26Z,"c(8067323.49778854, -809789.77344)",11072.745937548,3172,1800.42868938353,3.490777407802025,290.6235313833246
229276,2022-02-22T15:17:44Z,B,-7.306,72.434,-7.306,72.434,2022-02-22,2022,GY02215,1,-7.250352,72.451638,RFB,Immature Basic 2,2022-02-10T05:18:00Z,2022-02-26T17:13:26Z,"c(8067323.49778854, -809789.77344)",6810.5204836336,244,6986.97504030231,27.911969195219676,200.22485943116865
229276,2022-02-22T16:00:32Z,1,-7.259,72.453,-7.259,72.453,2022-02-22,2022,GY02215,1,-7.250352,72.451638,RFB,Immature Basic 2,2022-02-10T05:18:00Z,2022-02-26T17:13:26Z,"c(8067323.49778854, -809789.77344)",5682.83018665955,2568,1944.9380318687,2.212940103839389,22.011283197925206
229276,2022-02-22T16:06:47Z,B,-7.259,72.453,-7.259,72.453,2022-02-22,2022,GY02215,1,-7.250352,72.451638,RFB,Immature Basic 2,2022-02-10T05:18:00Z,2022-02-26T17:13:26Z,"c(8067323.49778854, -809789.77344)",0,375,1944.9380318687,0,0
229276,2022-02-22T16:23:43Z,B,-7.246,72.450,-7.246,72.450,2022-02-22,2022,GY02215,1,-7.250352,72.451638,RFB,Immature Basic 2,2022-02-10T05:18:00Z,2022-02-26T17:13:26Z,"c(8067323.49778854, -809789.77344)",1496.56207532064,1016,2444.75211805888,1.4729941686226768,347.00538320808295
229276,2022-02-22T16:55:04Z,3,-7.247,72.453,-7.247,72.453,2022-02-22,2022,GY02215,1,-7.250352,72.451638,RFB,Immature Basic 2,2022-02-10T05:18:00Z,2022-02-26T17:13:26Z,"c(8067323.49778854, -809789.77344)",352.307601876466,1881,2094.57039445931,0.1872980339587802,108.43494882291184
229276,2022-02-22T17:42:15Z,B,-7.254,72.421,-7.254,72.421,2022-02-22,2022,GY02215,1,-7.250352,72.451638,RFB,Immature Basic 2,2022-02-10T05:18:00Z,2022-02-26T17:13:26Z,"c(8067323.49778854, -809789.77344)",3647.80420994787,2831,5455.80924653837,1.2885214447007678,257.66091272167307
229276,2022-02-22T18:00:28Z,3,-7.247,72.452,-7.247,72.452,2022-02-22,2022,GY02215,1,-7.250352,72.451638,RFB,Immature Basic 2,2022-02-10T05:18:00Z,2022-02-26T17:13:26Z,"c(8067323.49778854, -809789.77344)",3539.1775492612,1093,2195.66530997134,3.238039843788842,77.27564431457492
229276,2022-02-23T12:55:49Z,2,-7.247,72.432,-7.247,72.432,2022-02-23,2022,GY02215,1,-7.250352,72.451638,RFB,Immature Basic 2,2022-02-10T05:18:00Z,2022-02-26T17:13:26Z,"c(8067323.49778854, -809789.77344)",2226.38981586508,68121,4324.35182050884,0.03268287041976901,270
229276,2022-02-23T13:27:08Z,B,-7.264,72.424,-7.264,72.424,2022-02-23,2022,GY02215,1,-7.250352,72.451638,RFB,Immature Basic 2,2022-02-10T05:18:00Z,2022-02-26T17:13:26Z,"c(8067323.49778854, -809789.77344)",2105.33480412477,1879,5219.34627417567,1.120454925026489,205.20112364546236
229276,2022-02-23T14:10:20Z,3,-7.250,72.449,-7.250,72.449,2022-02-23,2022,GY02215,1,-7.250352,72.451638,RFB,Immature Basic 2,2022-02-10T05:18:00Z,2022-02-26T17:13:26Z,"c(8067323.49778854, -809789.77344)",3195.81613069526,2592,2404.10124924784,1.232953754126258,60.75117366344429
229276,2022-02-23T14:48:08Z,3,-7.249,72.456,-7.249,72.456,2022-02-23,2022,GY02215,1,-7.250352,72.451638,RFB,Immature Basic 2,2022-02-10T05:18:00Z,2022-02-26T17:13:26Z,"c(8067323.49778854, -809789.77344)",787.275031530005,2268,1697.69685859077,0.34712302977513454,81.86989764584709
229276,2022-02-23T15:53:11Z,A,-7.257,72.422,-7.257,72.422,2022-02-23,2022,GY02215,1,-7.250352,72.451638,RFB,Immature Basic 2,2022-02-10T05:18:00Z,2022-02-26T17:13:26Z,"c(8067323.49778854, -809789.77344)",3889.87422245782,3903,5348.04698481705,0.996637002935644,256.75948008481504
229276,2022-02-23T16:33:19Z,3,-7.252,72.446,-7.252,72.446,2022-02-23,2022,GY02215,1,-7.250352,72.451638,RFB,Immature Basic 2,2022-02-10T05:18:00Z,2022-02-26T17:13:26Z,"c(8067323.49778854, -809789.77344)",2729.95046349562,2408,2692.79477682776,1.133700358594526,78.23171106798003
229276,2022-02-23T17:47:25Z,B,-7.256,72.444,-7.256,72.444,2022-02-23,2022,GY02215,1,-7.250352,72.451638,RFB,Immature Basic 2,2022-02-10T05:18:00Z,2022-02-26T17:13:26Z,"c(8067323.49778854, -809789.77344)",501.051881404865,4446,2896.48140215243,0.11269722928584448,206.565051177022
229276,2022-02-23T23:47:29Z,B,-7.241,72.445,-7.241,72.445,2022-02-23,2022,GY02215,1,-7.250352,72.451638,RFB,Immature Basic 2,2022-02-10T05:18:00Z,2022-02-26T17:13:26Z,"c(8067323.49778854, -809789.77344)",1686.9214090782,21604,3195.80069208954,0.0780837534289114,3.8140748342543267
229276,2022-02-24T01:14:56Z,A,-7.176,72.585,-7.176,72.585,2022-02-24,2022,GY02215,1,-7.250352,72.451638,RFB,Immature Basic 2,2022-02-10T05:18:00Z,2022-02-26T17:13:26Z,"c(8067323.49778854, -809789.77344)",17206.907129102,5247,15571.2196926683,3.279380051286824,65.09523119190507
229276,2022-02-24T01:17:18Z,B,-7.211,72.421,-7.211,72.421,2022-02-24,2022,GY02215,1,-7.250352,72.451638,RFB,Immature Basic 2,2022-02-10T05:18:00Z,2022-02-26T17:13:26Z,"c(8067323.49778854, -809789.77344)",18673.9944866525,142,7357.35421649943,131.50700342713012,257.9529695087939
229276,2022-02-24T01:24:22Z,1,-7.153,72.628,-7.153,72.628,2022-02-24,2022,GY02215,1,-7.250352,72.451638,RFB,Immature Basic 2,2022-02-10T05:18:00Z,2022-02-26T17:13:26Z,"c(8067323.49778854, -809789.77344)",23944.4099545625,424,20984.3080582996,56.47266498717571,74.34748732188042
229276,2022-02-24T01:51:21Z,0,-7.093,72.756,-7.093,72.756,2022-02-24,2022,GY02215,1,-7.250352,72.451638,RFB,Immature Basic 2,2022-02-10T05:18:00Z,2022-02-26T17:13:26Z,"c(8067323.49778854, -809789.77344)",15758.7742380041,1619,36660.4336825298,9.73364684249792,64.8851651138556
229276,2022-02-24T02:55:46Z,1,-6.921,72.921,-6.921,72.921,2022-02-24,2022,GY02215,1,-7.250352,72.451638,RFB,Immature Basic 2,2022-02-10T05:18:00Z,2022-02-26T17:13:26Z,"c(8067323.49778854, -809789.77344)",26636.7641090438,3865,62644.5074455036,6.891788902728033,43.810051067858694
229276,2022-02-24T03:34:24Z,1,-6.903,72.877,-6.903,72.877,2022-02-24,2022,GY02215,1,-7.250352,72.451638,RFB,Immature Basic 2,2022-02-10T05:18:00Z,2022-02-26T17:13:26Z,"c(8067323.49778854, -809789.77344)",5297.63995770203,2318,60098.5287041005,2.2854357022010467,292.249023657208
229276,2022-02-24T03:41:42Z,0,-6.917,72.863,-6.917,72.863,2022-02-24,2022,GY02215,1,-7.250352,72.451638,RFB,Immature Basic 2,2022-02-10T05:18:00Z,2022-02-26T17:13:26Z,"c(8067323.49778854, -809789.77344)",2212.09131819181,438,57892.4193650697,5.05043679952467,224.99999999999093
229276,2022-02-24T04:29:55Z,0,-6.947,72.841,-6.947,72.841,2022-02-24,2022,GY02215,1,-7.250352,72.451638,RFB,Immature Basic 2,2022-02-10T05:18:00Z,2022-02-26T17:13:26Z,"c(8067323.49778854, -809789.77344)",4161.18086445663,2893,53846.5863876693,1.4383618612017377,216.25383773745148
229276,2022-02-24T05:00:22Z,2,-6.936,72.829,-6.936,72.829,2022-02-24,2022,GY02215,1,-7.250352,72.451638,RFB,Immature Basic 2,2022-02-10T05:18:00Z,2022-02-26T17:13:26Z,"c(8067323.49778854, -809789.77344)",1818.272063305,1827,53643.8691873453,0.9952228042172971,312.5104470780001
229276,2022-02-24T05:21:55Z,0,-6.965,72.882,-6.965,72.882,2022-02-24,2022,GY02215,1,-7.250352,72.451638,RFB,Immature Basic 2,2022-02-10T05:18:00Z,2022-02-26T17:13:26Z,"c(8067323.49778854, -809789.77344)",6736.8975114567,1293,56230.4114572683,5.2102842315983775,118.68614757373415
229276,2022-02-25T00:50:35Z,1,-7.246,72.437,-7.246,72.437,2022-02-25,2022,GY02215,1,-7.250352,72.451638,RFB,Immature Basic 2,2022-02-10T05:18:00Z,2022-02-26T17:13:26Z,"c(8067323.49778854, -809789.77344)",58716.4794646588,70120,3809.84526204971,0.8373713557424245,237.72920017509693
229276,2022-02-25T01:02:42Z,1,-7.233,72.508,-7.233,72.508,2022-02-25,2022,GY02215,1,-7.250352,72.451638,RFB,Immature Basic 2,2022-02-10T05:18:00Z,2022-02-26T17:13:26Z,"c(8067323.49778854, -809789.77344)",8037.18018598402,727,4897.82980031641,11.055268481408557,79.62415507994804
229276,2022-02-25T01:07:54Z,B,-7.234,72.507,-7.234,72.507,2022-02-25,2022,GY02215,1,-7.250352,72.451638,RFB,Immature Basic 2,2022-02-10T05:18:00Z,2022-02-26T17:13:26Z,"c(8067323.49778854, -809789.77344)",158.062292112234,312,4745.30086843137,0.5066099106161339,224.9999999997201
229276,2022-02-25T01:24:54Z,A,-7.225,72.540,-7.225,72.540,2022-02-25,2022,GY02215,1,-7.250352,72.451638,RFB,Immature Basic 2,2022-02-10T05:18:00Z,2022-02-26T17:13:26Z,"c(8067323.49778854, -809789.77344)",3809.83279663679,1020,8488.44875487545,3.7351301927811633,74.74488129694222
229276,2022-02-25T02:33:04Z,B,-7.145,72.556,-7.145,72.556,2022-02-25,2022,GY02215,1,-7.250352,72.451638,RFB,Immature Basic 2,2022-02-10T05:18:00Z,2022-02-26T17:13:26Z,"c(8067323.49778854, -809789.77344)",9151.05107671655,4090,15620.115626008,2.2374208011531893,11.309932474014097
229276,2022-02-25T02:42:25Z,0,-6.911,72.611,-6.911,72.611,2022-02-25,2022,GY02215,1,-7.250352,72.451638,RFB,Immature Basic 2,2022-02-10T05:18:00Z,2022-02-26T17:13:26Z,"c(8067323.49778854, -809789.77344)",26950.645933363,561,41658.5446973394,48.04036708264354,13.22687156396693
229276,2022-02-25T03:10:02Z,1,-6.902,72.582,-6.902,72.582,2022-02-25,2022,GY02215,1,-7.250352,72.451638,RFB,Immature Basic 2,2022-02-10T05:18:00Z,2022-02-26T17:13:26Z,"c(8067323.49778854, -809789.77344)",3382.33320996122,1657,41514.0857766376,2.0412391128311533,287.24145939893305
229276,2022-02-25T03:19:39Z,A,-6.854,72.550,-6.854,72.550,2022-02-25,2022,GY02215,1,-7.250352,72.451638,RFB,Immature Basic 2,2022-02-10T05:18:00Z,2022-02-26T17:13:26Z,"c(8067323.49778854, -809789.77344)",6454.15348104128,577,45852.8498779442,11.185707939412966,326.3099324740231
229276,2022-02-25T04:10:47Z,1,-6.904,72.558,-6.904,72.558,2022-02-25,2022,GY02215,1,-7.250352,72.451638,RFB,Immature Basic 2,2022-02-10T05:18:00Z,2022-02-26T17:13:26Z,"c(8067323.49778854, -809789.77344)",5676.6239460716,3068,40573.7250787574,1.8502685613010434,170.90972307916672
229276,2022-02-25T04:49:04Z,1,-6.931,72.543,-6.931,72.543,2022-02-25,2022,GY02215,1,-7.250352,72.451638,RFB,Immature Basic 2,2022-02-10T05:18:00Z,2022-02-26T17:13:26Z,"c(8067323.49778854, -809789.77344)",3457.59556959184,2297,37243.0970979633,1.50526581175091,209.05460409907792
229276,2022-02-25T05:01:22Z,1,-6.913,72.537,-6.913,72.537,2022-02-25,2022,GY02215,1,-7.250352,72.451638,RFB,Immature Basic 2,2022-02-10T05:18:00Z,2022-02-26T17:13:26Z,"c(8067323.49778854, -809789.77344)",2126.10124136228,738,39082.4532413224,2.880895991005797,341.5650511770771
229276,2022-02-25T11:51:43Z,A,-6.852,72.585,-6.852,72.585,2022-02-25,2022,GY02215,1,-7.250352,72.451638,RFB,Immature Basic 2,2022-02-10T05:18:00Z,2022-02-26T17:13:26Z,"c(8067323.49778854, -809789.77344)",8679.50351047676,24621,46981.7232809547,0.35252441048197736,38.19868517601127
229276,2022-02-26T11:22:58Z,B,-6.516,72.063,-6.516,72.063,2022-02-26,2022,GY02215,1,-7.250352,72.451638,RFB,Immature Basic 2,2022-02-10T05:18:00Z,2022-02-26T17:13:26Z,"c(8067323.49778854, -809789.77344)",69244.9102665511,84675,94440.7633401443,0.8177727814177865,302.7684990787703
229276,2022-02-26T12:43:18Z,0,-7.219,72.458,-8.030,76.525,2022-02-26,2022,GY02215,1,-7.250352,72.451638,RFB,Immature Basic 2,2022-02-10T05:18:00Z,2022-02-26T17:13:26Z,"c(8067323.49778854, -809789.77344)",90258.6987656216,4820,4254.82033877705,18.725871113199496,150.6693403183653
229276,2022-02-26T12:54:53Z,1,-7.261,72.499,-7.057,71.587,2022-02-26,2022,GY02215,1,-7.250352,72.451638,RFB,Immature Basic 2,2022-02-10T05:18:00Z,2022-02-26T17:13:26Z,"c(8067323.49778854, -809789.77344)",6560.74146207221,695,3297.73337849586,9.439915772765767,135.69027719786718
229276,2022-02-26T15:14:10Z,3,-7.249,72.452,-7.249,72.452,2022-02-26,2022,GY02215,1,-7.250352,72.451638,RFB,Immature Basic 2,2022-02-10T05:18:00Z,2022-02-26T17:13:26Z,"c(8067323.49778854, -809789.77344)",5402.53311305598,8357,2113.84823002291,0.6464680044341241,284.32271997820493
229276,2022-02-26T15:14:45Z,3,-7.249,72.453,-7.249,72.453,2022-02-26,2022,GY02215,1,-7.250352,72.451638,RFB,Immature Basic 2,2022-02-10T05:18:00Z,2022-02-26T17:13:26Z,"c(8067323.49778854, -809789.77344)",111.319490793161,35,2008.63966990221,3.1805568798046027,90
229276,2022-02-26T17:12:39Z,A,-7.253,72.444,-7.253,72.444,2022-02-26,2022,GY02215,1,-7.250352,72.451638,RFB,Immature Basic 2,2022-02-10T05:18:00Z,2022-02-26T17:13:26Z,"c(8067323.49778854, -809789.77344)",1097.83265487036,7074,2902.99549474641,0.1551926286217648,246.03751102542023
