BirdID,Sex,Age,BreedStage,TrackID,DateGMT,TimeGMT,Latitude,Longitude
GV37501,unknown,Adult,Chick rearing,GV37501_1,2016-06-26,02:05:45,-7.225217,72.439705
GV37501,unknown,Adult,Chick rearing,GV37501_1,2016-06-26,02:10:54,-7.218514,72.442902
GV37501,unknown,Adult,Chick rearing,GV37501_1,2016-06-26,02:16:01,-7.204607,72.44722
GV37501,unknown,Adult,Chick rearing,GV37501_1,2016-06-26,02:21:09,-7.189216,72.450897
GV37501,unknown,Adult,Chick rearing,GV37501_1,2016-06-26,02:26:16,-7.157708,72.464279
GV37501,unknown,Adult,Chick rearing,GV37501_1,2016-06-26,02:31:22,-7.121319,72.472252
GV37501,unknown,Adult,Chick rearing,GV37501_1,2016-06-26,02:36:28,-7.087814,72.480927
GV37501,unknown,Adult,Chick rearing,GV37501_1,2016-06-26,02:41:34,-7.056214,72.489777
GV37501,unknown,Adult,Chick rearing,GV37501_1,2016-06-26,02:46:40,-7.022585,72.486481
GV37501,unknown,Adult,Chick rearing,GV37501_1,2016-06-26,02:51:46,-6.987408,72.487122
GV37501,unknown,Adult,Chick rearing,GV37501_1,2016-06-26,02:56:52,-6.951864,72.488449
GV37501,unknown,Adult,Chick rearing,GV37501_1,2016-06-26,03:02:01,-6.919162,72.497185
GV37501,unknown,Adult,Chick rearing,GV37501_1,2016-06-26,03:07:08,-6.886065,72.506325
GV37501,unknown,Adult,Chick rearing,GV37501_1,2016-06-26,03:12:15,-6.851497,72.511627
GV37501,unknown,Adult,Chick rearing,GV37501_1,2016-06-26,03:17:34,-6.81984,72.515656
GV37501,unknown,Adult,Chick rearing,GV37501_1,2016-06-26,03:22:53,-6.790468,72.532814
GV37501,unknown,Adult,Chick rearing,GV37501_1,2016-06-26,03:28:16,-6.755266,72.541763
GV37501,unknown,Adult,Chick rearing,GV37501_1,2016-06-26,03:33:34,-6.720212,72.552711
GV37501,unknown,Adult,Chick rearing,GV37501_1,2016-06-26,03:38:55,-6.688763,72.552475
GV37501,unknown,Adult,Chick rearing,GV37501_1,2016-06-26,03:44:18,-6.668548,72.538147
GV37501,unknown,Adult,Chick rearing,GV37501_1,2016-06-26,03:49:40,-6.631604,72.539192
GV37501,unknown,Adult,Chick rearing,GV37501_1,2016-06-26,03:55:25,-6.594563,72.545982
GV37501,unknown,Adult,Chick rearing,GV37501_1,2016-06-26,04:02:04,-6.548013,72.54715
GV37501,unknown,Adult,Chick rearing,GV37501_1,2016-06-26,04:09:38,-6.496477,72.552925
GV37501,unknown,Adult,Chick rearing,GV37501_1,2016-06-26,04:14:42,-6.4666689999999996,72.566177
GV37501,unknown,Adult,Chick rearing,GV37501_1,2016-06-26,04:19:46,-6.432115,72.571342
GV37501,unknown,Adult,Chick rearing,GV37501_1,2016-06-26,04:24:50,-6.396827,72.576126
GV37501,unknown,Adult,Chick rearing,GV37501_1,2016-06-26,04:29:54,-6.367933,72.588821
GV37501,unknown,Adult,Chick rearing,GV37501_1,2016-06-26,04:34:58,-6.349603,72.591354
GV37501,unknown,Adult,Chick rearing,GV37501_1,2016-06-26,04:40:01,-6.335021,72.610695
GV37501,unknown,Adult,Chick rearing,GV37501_1,2016-06-26,04:45:05,-6.320708,72.635818
GV37501,unknown,Adult,Chick rearing,GV37501_1,2016-06-26,04:50:09,-6.31725,72.663071
GV37501,unknown,Adult,Chick rearing,GV37501_1,2016-06-26,04:55:17,-6.306491,72.689629
GV37501,unknown,Adult,Chick rearing,GV37501_1,2016-06-26,05:01:25,-6.299355,72.723434
GV37501,unknown,Adult,Chick rearing,GV37501_1,2016-06-26,05:08:30,-6.274535,72.754356
GV37501,unknown,Adult,Chick rearing,GV37501_1,2016-06-26,05:17:08,-6.245465,72.794685
GV37501,unknown,Adult,Chick rearing,GV37501_1,2016-06-26,05:25:09,-6.22492,72.835205
GV37501,unknown,Adult,Chick rearing,GV37501_1,2016-06-26,05:33:48,-6.20965,72.880737
GV37501,unknown,Adult,Chick rearing,GV37501_1,2016-06-26,05:42:06,-6.191879,72.919762
GV37501,unknown,Adult,Chick rearing,GV37501_1,2016-06-26,05:50:25,-6.164828,72.922379
GV37501,unknown,Adult,Chick rearing,GV37501_1,2016-06-26,05:59:03,-6.168664,72.92926
GV37501,unknown,Adult,Chick rearing,GV37501_1,2016-06-26,06:08:08,-6.169956,72.940872
GV37501,unknown,Adult,Chick rearing,GV37501_1,2016-06-26,06:15:32,-6.170935,72.95549
GV37501,unknown,Adult,Chick rearing,GV37501_1,2016-06-26,06:20:45,-6.184627,72.984406
GV37501,unknown,Adult,Chick rearing,GV37501_1,2016-06-26,06:26:13,-6.189751,73.007614
GV37501,unknown,Adult,Chick rearing,GV37501_1,2016-06-26,06:32:03,-6.188539,73.01638
GV37501,unknown,Adult,Chick rearing,GV37501_1,2016-06-26,06:37:28,-6.188305,73.013412
GV37501,unknown,Adult,Chick rearing,GV37501_1,2016-06-26,06:43:00,-6.179304,73.029228
GV37501,unknown,Adult,Chick rearing,GV37501_1,2016-06-26,06:48:14,-6.180412,73.030258
GV37501,unknown,Adult,Chick rearing,GV37501_1,2016-06-26,06:53:46,-6.17012,73.024551
GV37501,unknown,Adult,Chick rearing,GV37501_1,2016-06-26,07:02:26,-6.16931,73.024368
GV37501,unknown,Adult,Chick rearing,GV37501_1,2016-06-26,07:21:08,-6.166108,73.03627
GV37501,unknown,Adult,Chick rearing,GV37501_1,2016-06-26,07:26:12,-6.165469,73.036285
GV37501,unknown,Adult,Chick rearing,GV37501_1,2016-06-26,07:31:17,-6.164925,73.036247
GV37501,unknown,Adult,Chick rearing,GV37501_1,2016-06-26,07:36:21,-6.164378,73.036209
GV37501,unknown,Adult,Chick rearing,GV37501_1,2016-06-26,07:41:31,-6.165661,73.03965
GV37501,unknown,Adult,Chick rearing,GV37501_1,2016-06-26,07:46:36,-6.164973,73.039604
GV37501,unknown,Adult,Chick rearing,GV37501_1,2016-06-26,07:51:40,-6.164355,73.039627
GV37501,unknown,Adult,Chick rearing,GV37501_1,2016-06-26,07:56:45,-6.163922,73.039543
GV37501,unknown,Adult,Chick rearing,GV37501_1,2016-06-26,08:01:53,-6.162876,73.040161
GV37501,unknown,Adult,Chick rearing,GV37501_1,2016-06-26,08:06:56,-6.175317,73.056526
GV37501,unknown,Adult,Chick rearing,GV37501_1,2016-06-26,08:11:59,-6.182927,73.061806
GV37501,unknown,Adult,Chick rearing,GV37501_1,2016-06-26,08:17:04,-6.182527,73.061806
GV37501,unknown,Adult,Chick rearing,GV37501_1,2016-06-26,08:22:09,-6.182189,73.061714
GV37501,unknown,Adult,Chick rearing,GV37501_1,2016-06-26,08:27:14,-6.181858,73.061768
GV37501,unknown,Adult,Chick rearing,GV37501_1,2016-06-26,08:32:21,-6.181434,73.061897
GV37501,unknown,Adult,Chick rearing,GV37501_1,2016-06-26,08:37:28,-6.180871,73.06234
GV37501,unknown,Adult,Chick rearing,GV37501_1,2016-06-26,08:42:31,-6.20369,73.050835
GV37501,unknown,Adult,Chick rearing,GV37501_1,2016-06-26,08:47:34,-6.229034,73.035431
GV37501,unknown,Adult,Chick rearing,GV37501_1,2016-06-26,08:52:37,-6.253384,73.020096
GV37501,unknown,Adult,Chick rearing,GV37501_1,2016-06-26,08:57:40,-6.275308,73.000793
GV37501,unknown,Adult,Chick rearing,GV37501_1,2016-06-26,09:02:48,-6.295619,72.982002
GV37501,unknown,Adult,Chick rearing,GV37501_1,2016-06-26,09:07:52,-6.317509,72.960678
GV37501,unknown,Adult,Chick rearing,GV37501_1,2016-06-26,09:12:57,-6.334192,72.93573
GV37501,unknown,Adult,Chick rearing,GV37501_1,2016-06-26,09:18:01,-6.352026,72.911552
GV37501,unknown,Adult,Chick rearing,GV37501_1,2016-06-26,09:23:06,-6.373168,72.890465
GV37501,unknown,Adult,Chick rearing,GV37501_1,2016-06-26,09:28:11,-6.394809,72.870537
GV37501,unknown,Adult,Chick rearing,GV37501_1,2016-06-26,09:33:16,-6.414688,72.849457
GV37501,unknown,Adult,Chick rearing,GV37501_1,2016-06-26,09:38:21,-6.429515,72.824387
GV37501,unknown,Adult,Chick rearing,GV37501_1,2016-06-26,09:43:27,-6.449853,72.802612
GV37501,unknown,Adult,Chick rearing,GV37501_1,2016-06-26,09:48:33,-6.471613,72.781097
GV37501,unknown,Adult,Chick rearing,GV37501_1,2016-06-26,09:53:39,-6.493522,72.759674
GV37501,unknown,Adult,Chick rearing,GV37501_1,2016-06-26,09:58:45,-6.517198,72.739914
GV37501,unknown,Adult,Chick rearing,GV37501_1,2016-06-26,10:03:55,-6.543991,72.722527
GV37501,unknown,Adult,Chick rearing,GV37501_1,2016-06-26,10:09:01,-6.571637,72.705971
GV37501,unknown,Adult,Chick rearing,GV37501_1,2016-06-26,10:14:07,-6.598697,72.690765
GV37501,unknown,Adult,Chick rearing,GV37501_1,2016-06-26,10:19:16,-6.623377,72.672142
GV37501,unknown,Adult,Chick rearing,GV37501_1,2016-06-26,10:24:25,-6.648436,72.651917
GV37501,unknown,Adult,Chick rearing,GV37501_1,2016-06-26,10:29:34,-6.673326,72.630325
GV37501,unknown,Adult,Chick rearing,GV37501_1,2016-06-26,10:34:45,-6.674506,72.628479
GV37501,unknown,Adult,Chick rearing,GV37501_1,2016-06-26,10:39:53,-6.703666,72.613144
GV37501,unknown,Adult,Chick rearing,GV37501_1,2016-06-26,10:45:02,-6.730012,72.595329
GV37501,unknown,Adult,Chick rearing,GV37501_1,2016-06-26,10:50:08,-6.76016,72.583038
GV37501,unknown,Adult,Chick rearing,GV37501_1,2016-06-26,10:55:17,-6.784609,72.562843
GV37501,unknown,Adult,Chick rearing,GV37501_1,2016-06-26,11:00:58,-6.810998,72.540695
GV37501,unknown,Adult,Chick rearing,GV37501_1,2016-06-26,11:06:04,-6.827593,72.537239
GV37501,unknown,Adult,Chick rearing,GV37501_1,2016-06-26,11:11:07,-6.848764,72.515869
GV37501,unknown,Adult,Chick rearing,GV37501_1,2016-06-26,11:16:33,-6.874648,72.494545
GV37501,unknown,Adult,Chick rearing,GV37501_1,2016-06-26,11:21:39,-6.9028,72.475822
GV37501,unknown,Adult,Chick rearing,GV37501_1,2016-06-26,11:26:43,-6.929346,72.458786
GV37501,unknown,Adult,Chick rearing,GV37501_1,2016-06-26,11:31:50,-6.957781,72.447533
GV37501,unknown,Adult,Chick rearing,GV37501_1,2016-06-26,11:36:58,-6.985162,72.436211
GV37501,unknown,Adult,Chick rearing,GV37501_1,2016-06-26,11:42:04,-7.017031,72.426392
GV37501,unknown,Adult,Chick rearing,GV37501_1,2016-06-26,11:47:10,-7.04864,72.419769
GV37501,unknown,Adult,Chick rearing,GV37501_1,2016-06-26,11:52:27,-7.083014,72.416801
GV37501,unknown,Adult,Chick rearing,GV37501_1,2016-06-26,11:57:34,-7.115609,72.414658
GV37501,unknown,Adult,Chick rearing,GV37501_1,2016-06-26,12:03:01,-7.150788,72.417168
GV37501,unknown,Adult,Chick rearing,GV37501_1,2016-06-26,12:08:08,-7.184594,72.418625
GV37501,unknown,Adult,Chick rearing,GV37501_1,2016-06-26,12:13:14,-7.214962,72.42865
GV37501,unknown,Adult,Chick rearing,GV37501_1,2016-06-26,12:18:23,-7.238548,72.434639
GV37501,unknown,Adult,Chick rearing,GV37501_2,2016-06-28,02:08:55,-7.228727,72.44059
GV37501,unknown,Adult,Chick rearing,GV37501_2,2016-06-28,02:14:24,-7.194063,72.445023
GV37501,unknown,Adult,Chick rearing,GV37501_2,2016-06-28,02:19:37,-7.158877,72.451256
GV37501,unknown,Adult,Chick rearing,GV37501_2,2016-06-28,02:24:49,-7.125435,72.461037
GV37501,unknown,Adult,Chick rearing,GV37501_2,2016-06-28,02:30:01,-7.090365,72.469231
GV37501,unknown,Adult,Chick rearing,GV37501_2,2016-06-28,02:35:15,-7.054482,72.478912
GV37501,unknown,Adult,Chick rearing,GV37501_2,2016-06-28,02:40:32,-7.018535,72.483521
GV37501,unknown,Adult,Chick rearing,GV37501_2,2016-06-28,02:45:49,-6.982931,72.483482
GV37501,unknown,Adult,Chick rearing,GV37501_2,2016-06-28,02:51:07,-6.950385,72.491997
GV37501,unknown,Adult,Chick rearing,GV37501_2,2016-06-28,02:56:31,-6.913508,72.497353
GV37501,unknown,Adult,Chick rearing,GV37501_2,2016-06-28,03:03:03,-6.871219,72.48455
GV37501,unknown,Adult,Chick rearing,GV37501_2,2016-06-28,03:13:31,-6.856007,72.493156
GV37501,unknown,Adult,Chick rearing,GV37501_2,2016-06-28,03:18:37,-6.853051,72.497131
GV37501,unknown,Adult,Chick rearing,GV37501_2,2016-06-28,03:23:46,-6.858193,72.496429
GV37501,unknown,Adult,Chick rearing,GV37501_2,2016-06-28,03:28:53,-6.861592,72.501404
GV37501,unknown,Adult,Chick rearing,GV37501_2,2016-06-28,03:33:59,-6.863527,72.504204
GV37501,unknown,Adult,Chick rearing,GV37501_2,2016-06-28,03:39:06,-6.873186,72.498405
GV37501,unknown,Adult,Chick rearing,GV37501_2,2016-06-28,03:44:13,-6.88231,72.493103
GV37501,unknown,Adult,Chick rearing,GV37501_2,2016-06-28,03:49:19,-6.854857,72.498268
GV37501,unknown,Adult,Chick rearing,GV37501_2,2016-06-28,03:54:25,-6.821543,72.504745
GV37501,unknown,Adult,Chick rearing,GV37501_2,2016-06-28,03:59:32,-6.791039,72.516197
GV37501,unknown,Adult,Chick rearing,GV37501_2,2016-06-28,04:04:42,-6.759335,72.52803
GV37501,unknown,Adult,Chick rearing,GV37501_2,2016-06-28,04:09:48,-6.726522,72.539009
GV37501,unknown,Adult,Chick rearing,GV37501_2,2016-06-28,04:15:00,-6.703502,72.548409
GV37501,unknown,Adult,Chick rearing,GV37501_2,2016-06-28,04:20:08,-6.675762,72.557899
GV37501,unknown,Adult,Chick rearing,GV37501_2,2016-06-28,04:25:14,-6.644468,72.570221
GV37501,unknown,Adult,Chick rearing,GV37501_2,2016-06-28,04:30:21,-6.615113,72.585487
GV37501,unknown,Adult,Chick rearing,GV37501_2,2016-06-28,04:35:28,-6.582557,72.597366
GV37501,unknown,Adult,Chick rearing,GV37501_2,2016-06-28,04:40:35,-6.551421,72.612167
GV37501,unknown,Adult,Chick rearing,GV37501_2,2016-06-28,04:45:43,-6.521798,72.628983
GV37501,unknown,Adult,Chick rearing,GV37501_2,2016-06-28,04:50:50,-6.494679,72.647614
GV37501,unknown,Adult,Chick rearing,GV37501_2,2016-06-28,04:55:57,-6.470141,72.665756
GV37501,unknown,Adult,Chick rearing,GV37501_2,2016-06-28,05:01:06,-6.443623,72.687286
GV37501,unknown,Adult,Chick rearing,GV37501_2,2016-06-28,05:06:13,-6.424627,72.682358
GV37501,unknown,Adult,Chick rearing,GV37501_2,2016-06-28,05:11:19,-6.429067,72.685165
GV37501,unknown,Adult,Chick rearing,GV37501_2,2016-06-28,05:16:27,-6.419076,72.680672
GV37501,unknown,Adult,Chick rearing,GV37501_2,2016-06-28,05:21:34,-6.423348,72.67588
GV37501,unknown,Adult,Chick rearing,GV37501_2,2016-06-28,05:26:40,-6.42506,72.672508
GV37501,unknown,Adult,Chick rearing,GV37501_2,2016-06-28,05:31:47,-6.421341,72.67215
GV37501,unknown,Adult,Chick rearing,GV37501_2,2016-06-28,05:36:54,-6.424311,72.672638
GV37501,unknown,Adult,Chick rearing,GV37501_2,2016-06-28,05:42:01,-6.425687,72.676338
GV37501,unknown,Adult,Chick rearing,GV37501_2,2016-06-28,05:47:09,-6.432735,72.674187
GV37501,unknown,Adult,Chick rearing,GV37501_2,2016-06-28,05:52:19,-6.431909,72.675247
GV37501,unknown,Adult,Chick rearing,GV37501_2,2016-06-28,05:57:26,-6.435203,72.670158
GV37501,unknown,Adult,Chick rearing,GV37501_2,2016-06-28,06:02:38,-6.43807,72.676834
GV37501,unknown,Adult,Chick rearing,GV37501_2,2016-06-28,06:07:47,-6.436967,72.678284
GV37501,unknown,Adult,Chick rearing,GV37501_2,2016-06-28,06:12:56,-6.436145,72.677673
GV37501,unknown,Adult,Chick rearing,GV37501_2,2016-06-28,06:18:04,-6.445354,72.672058
GV37501,unknown,Adult,Chick rearing,GV37501_2,2016-06-28,06:23:11,-6.446066,72.671059
GV37501,unknown,Adult,Chick rearing,GV37501_2,2016-06-28,06:28:19,-6.445443,72.668892
GV37501,unknown,Adult,Chick rearing,GV37501_2,2016-06-28,06:33:28,-6.444578,72.668343
GV37501,unknown,Adult,Chick rearing,GV37501_2,2016-06-28,06:38:35,-6.448976,72.665718
GV37501,unknown,Adult,Chick rearing,GV37501_2,2016-06-28,06:43:42,-6.451673,72.666435
GV37501,unknown,Adult,Chick rearing,GV37501_2,2016-06-28,06:48:50,-6.452761,72.667938
GV37501,unknown,Adult,Chick rearing,GV37501_2,2016-06-28,06:54:00,-6.431715,72.684242
GV37501,unknown,Adult,Chick rearing,GV37501_2,2016-06-28,06:59:09,-6.430178,72.698906
GV37501,unknown,Adult,Chick rearing,GV37501_2,2016-06-28,07:05:44,-6.410375,72.708366
GV37501,unknown,Adult,Chick rearing,GV37501_2,2016-06-28,07:13:54,-6.374841,72.735657
GV37501,unknown,Adult,Chick rearing,GV37501_2,2016-06-28,07:18:58,-6.351708,72.75322
GV37501,unknown,Adult,Chick rearing,GV37501_2,2016-06-28,07:24:02,-6.322027,72.767662
GV37501,unknown,Adult,Chick rearing,GV37501_2,2016-06-28,07:29:06,-6.297506,72.784889
GV37501,unknown,Adult,Chick rearing,GV37501_2,2016-06-28,07:34:10,-6.264639,72.795418
GV37501,unknown,Adult,Chick rearing,GV37501_2,2016-06-28,07:39:14,-6.257952,72.796036
GV37501,unknown,Adult,Chick rearing,GV37501_2,2016-06-28,07:44:18,-6.255531,72.798241
GV37501,unknown,Adult,Chick rearing,GV37501_2,2016-06-28,07:49:21,-6.268006,72.811234
GV37501,unknown,Adult,Chick rearing,GV37501_2,2016-06-28,07:54:26,-6.289839,72.821297
GV37501,unknown,Adult,Chick rearing,GV37501_2,2016-06-28,07:59:30,-6.296782,72.817772
GV37501,unknown,Adult,Chick rearing,GV37501_2,2016-06-28,08:04:39,-6.293602,72.811363
GV37501,unknown,Adult,Chick rearing,GV37501_2,2016-06-28,08:09:47,-6.293299,72.807037
GV37501,unknown,Adult,Chick rearing,GV37501_2,2016-06-28,08:14:55,-6.288117,72.803276
GV37501,unknown,Adult,Chick rearing,GV37501_2,2016-06-28,08:20:02,-6.285523,72.798058
GV37501,unknown,Adult,Chick rearing,GV37501_2,2016-06-28,08:25:09,-6.281118,72.794792
GV37501,unknown,Adult,Chick rearing,GV37501_2,2016-06-28,08:30:16,-6.280161,72.787003
GV37501,unknown,Adult,Chick rearing,GV37501_2,2016-06-28,08:35:28,-6.275216,72.783005
GV37501,unknown,Adult,Chick rearing,GV37501_2,2016-06-28,08:40:37,-6.268696,72.78112
GV37501,unknown,Adult,Chick rearing,GV37501_2,2016-06-28,08:45:44,-6.265959,72.774178
GV37501,unknown,Adult,Chick rearing,GV37501_2,2016-06-28,08:51:18,-6.269403,72.770866
GV37501,unknown,Adult,Chick rearing,GV37501_2,2016-06-28,08:56:43,-6.275509,72.769028
GV37501,unknown,Adult,Chick rearing,GV37501_2,2016-06-28,09:02:21,-6.27926,72.768814
GV37501,unknown,Adult,Chick rearing,GV37501_2,2016-06-28,09:08:43,-6.284665,72.764717
GV37501,unknown,Adult,Chick rearing,GV37501_2,2016-06-28,09:16:18,-6.286568,72.769264
GV37501,unknown,Adult,Chick rearing,GV37501_2,2016-06-28,09:23:53,-6.293028,72.760826
GV37501,unknown,Adult,Chick rearing,GV37501_2,2016-06-28,09:31:47,-6.293027,72.756752
GV37501,unknown,Adult,Chick rearing,GV37501_2,2016-06-28,09:40:03,-6.309788,72.77166
GV37501,unknown,Adult,Chick rearing,GV37501_2,2016-06-28,09:48:31,-6.314243,72.781258
GV37501,unknown,Adult,Chick rearing,GV37501_2,2016-06-28,09:56:23,-6.321823,72.775795
GV37501,unknown,Adult,Chick rearing,GV37501_2,2016-06-28,10:01:30,-6.322437,72.772598
GV37501,unknown,Adult,Chick rearing,GV37501_2,2016-06-28,10:06:39,-6.32001,72.765808
GV37501,unknown,Adult,Chick rearing,GV37501_2,2016-06-28,10:11:49,-6.318029,72.757042
GV37501,unknown,Adult,Chick rearing,GV37501_2,2016-06-28,10:17:20,-6.317688,72.750488
GV37501,unknown,Adult,Chick rearing,GV37501_2,2016-06-28,10:22:49,-6.312984,72.739258
GV37501,unknown,Adult,Chick rearing,GV37501_2,2016-06-28,10:29:14,-6.308869,72.72982
GV37501,unknown,Adult,Chick rearing,GV37501_2,2016-06-28,10:35:40,-6.305772,72.717262
GV37501,unknown,Adult,Chick rearing,GV37501_2,2016-06-28,10:42:43,-6.318745,72.696594
GV37501,unknown,Adult,Chick rearing,GV37501_2,2016-06-28,10:50:01,-6.318224,72.697556
GV37501,unknown,Adult,Chick rearing,GV37501_2,2016-06-28,10:57:03,-6.34538,72.685501
GV37501,unknown,Adult,Chick rearing,GV37501_2,2016-06-28,11:02:15,-6.374115,72.683693
GV37501,unknown,Adult,Chick rearing,GV37501_2,2016-06-28,11:07:21,-6.384424,72.678322
GV37501,unknown,Adult,Chick rearing,GV37501_2,2016-06-28,11:12:28,-6.387726,72.681595
GV37501,unknown,Adult,Chick rearing,GV37501_2,2016-06-28,11:17:35,-6.390985,72.684898
GV37501,unknown,Adult,Chick rearing,GV37501_2,2016-06-28,11:22:42,-6.395958,72.686577
GV37501,unknown,Adult,Chick rearing,GV37501_2,2016-06-28,11:27:51,-6.403778,72.695045
GV37501,unknown,Adult,Chick rearing,GV37501_2,2016-06-28,11:32:59,-6.409812,72.692528
GV37501,unknown,Adult,Chick rearing,GV37501_2,2016-06-28,11:38:06,-6.414907,72.696846
GV37501,unknown,Adult,Chick rearing,GV37501_2,2016-06-28,11:43:13,-6.416409,72.695496
GV37501,unknown,Adult,Chick rearing,GV37501_2,2016-06-28,11:48:19,-6.416118,72.690773
GV37501,unknown,Adult,Chick rearing,GV37501_2,2016-06-28,11:53:26,-6.388024,72.706718
GV37501,unknown,Adult,Chick rearing,GV37501_2,2016-06-28,11:58:34,-6.393171,72.713783
GV37501,unknown,Adult,Chick rearing,GV37501_2,2016-06-28,12:03:46,-6.389541,72.719414
GV37501,unknown,Adult,Chick rearing,GV37501_2,2016-06-28,12:08:53,-6.385008,72.725891
GV37501,unknown,Adult,Chick rearing,GV37501_2,2016-06-28,12:14:00,-6.383273,72.730835
GV37501,unknown,Adult,Chick rearing,GV37501_2,2016-06-28,12:19:07,-6.387779,72.733551
GV37501,unknown,Adult,Chick rearing,GV37501_2,2016-06-28,12:24:14,-6.384164,72.739632
GV37501,unknown,Adult,Chick rearing,GV37501_2,2016-06-28,12:29:22,-6.385992,72.746796
GV37501,unknown,Adult,Chick rearing,GV37501_2,2016-06-28,12:34:30,-6.383835,72.750099
GV37501,unknown,Adult,Chick rearing,GV37501_2,2016-06-28,12:39:38,-6.392008,72.750473
GV37501,unknown,Adult,Chick rearing,GV37501_2,2016-06-28,12:44:46,-6.392129,72.747955
GV37501,unknown,Adult,Chick rearing,GV37501_2,2016-06-28,12:49:54,-6.393877,72.760056
GV37501,unknown,Adult,Chick rearing,GV37501_2,2016-06-28,12:55:15,-6.399311,72.761299
GV37501,unknown,Adult,Chick rearing,GV37501_2,2016-06-28,13:02:02,-6.400863,72.766106
GV37501,unknown,Adult,Chick rearing,GV37501_2,2016-06-28,13:12:14,-6.408276,72.775963
GV37501,unknown,Adult,Chick rearing,GV37501_2,2016-06-28,13:17:22,-6.407009,72.777222
GV37501,unknown,Adult,Chick rearing,GV37501_2,2016-06-28,13:22:29,-6.435195,72.77243
GV37501,unknown,Adult,Chick rearing,GV37501_2,2016-06-28,13:27:36,-6.460525,72.74794
GV37501,unknown,Adult,Chick rearing,GV37501_2,2016-06-28,13:32:42,-6.485625,72.726547
GV37501,unknown,Adult,Chick rearing,GV37501_2,2016-06-28,13:37:49,-6.511811,72.705551
GV37501,unknown,Adult,Chick rearing,GV37501_2,2016-06-28,13:42:55,-6.537481,72.682693
GV37501,unknown,Adult,Chick rearing,GV37501_2,2016-06-28,13:48:02,-6.56514,72.667801
GV37501,unknown,Adult,Chick rearing,GV37501_2,2016-06-28,13:53:08,-6.592685,72.652824
GV37501,unknown,Adult,Chick rearing,GV37501_2,2016-06-28,13:58:15,-6.61698,72.630013
GV37501,unknown,Adult,Chick rearing,GV37501_2,2016-06-28,14:03:27,-6.642712,72.605812
GV37501,unknown,Adult,Chick rearing,GV37501_2,2016-06-28,14:08:34,-6.671361,72.588669
GV37501,unknown,Adult,Chick rearing,GV37501_2,2016-06-28,14:13:41,-6.700912,72.572174
GV37501,unknown,Adult,Chick rearing,GV37501_2,2016-06-28,14:18:49,-6.728943,72.550468
GV37501,unknown,Adult,Chick rearing,GV37501_2,2016-06-28,14:23:57,-6.757129,72.533722
GV37501,unknown,Adult,Chick rearing,GV37501_2,2016-06-28,14:29:04,-6.786419,72.52018
GV37501,unknown,Adult,Chick rearing,GV37501_2,2016-06-28,14:34:11,-6.816219,72.508049
GV37501,unknown,Adult,Chick rearing,GV37501_2,2016-06-28,14:39:18,-6.84509,72.495773
GV37501,unknown,Adult,Chick rearing,GV37501_2,2016-06-28,14:44:25,-6.872718,72.481102
GV37501,unknown,Adult,Chick rearing,GV37501_2,2016-06-28,14:49:32,-6.900945,72.467606
GV37501,unknown,Adult,Chick rearing,GV37501_2,2016-06-28,14:54:40,-6.929763,72.457558
GV37501,unknown,Adult,Chick rearing,GV37501_2,2016-06-28,14:59:49,-6.958096,72.448944
GV37501,unknown,Adult,Chick rearing,GV37501_2,2016-06-28,15:04:56,-6.986199,72.439873
GV37501,unknown,Adult,Chick rearing,GV37501_2,2016-06-28,15:10:00,-7.011625,72.435432
GV37501,unknown,Adult,Chick rearing,GV37501_2,2016-06-28,15:15:04,-7.037372,72.428284
GV37501,unknown,Adult,Chick rearing,GV37501_2,2016-06-28,15:20:33,-7.064721,72.42215
GV37501,unknown,Adult,Chick rearing,GV37501_2,2016-06-28,15:25:39,-7.090437,72.415237
GV37501,unknown,Adult,Chick rearing,GV37501_2,2016-06-28,15:30:42,-7.115434,72.415565
GV37501,unknown,Adult,Chick rearing,GV37501_2,2016-06-28,15:35:46,-7.141078,72.415977
GV37501,unknown,Adult,Chick rearing,GV37501_2,2016-06-28,15:40:50,-7.166552,72.415062
GV37501,unknown,Adult,Chick rearing,GV37501_2,2016-06-28,15:45:54,-7.191082,72.415375
GV37501,unknown,Adult,Chick rearing,GV37501_2,2016-06-28,15:50:58,-7.215651,72.415932
GV37501,unknown,Adult,Chick rearing,GV37501_2,2016-06-28,15:56:02,-7.232296,72.425064
GV37501,unknown,Adult,Chick rearing,GV37501_2,2016-06-28,16:01:08,-7.238085,72.434212
GV37503,unknown,Adult,Chick rearing,GV37503_1,2016-06-26,12:20:37,-7.232172,72.434921
GV37503,unknown,Adult,Chick rearing,GV37503_1,2016-06-26,12:25:24,-7.220685,72.436592
GV37503,unknown,Adult,Chick rearing,GV37503_1,2016-06-26,12:30:03,-7.206351,72.436722
GV37503,unknown,Adult,Chick rearing,GV37503_1,2016-06-26,12:34:38,-7.197329,72.436752
GV37503,unknown,Adult,Chick rearing,GV37503_1,2016-06-26,12:39:17,-7.201406,72.43692
GV37503,unknown,Adult,Chick rearing,GV37503_1,2016-06-26,12:43:54,-7.205131,72.434402
GV37503,unknown,Adult,Chick rearing,GV37503_1,2016-06-26,12:48:30,-7.200082,72.4319
GV37503,unknown,Adult,Chick rearing,GV37503_1,2016-06-26,12:53:08,-7.198209,72.430878
GV37503,unknown,Adult,Chick rearing,GV37503_1,2016-06-26,12:57:46,-7.195863,72.428711
GV37503,unknown,Adult,Chick rearing,GV37503_1,2016-06-26,13:03:11,-7.19506,72.428322
GV37503,unknown,Adult,Chick rearing,GV37503_1,2016-06-26,13:08:12,-7.192294,72.427788
GV37503,unknown,Adult,Chick rearing,GV37503_1,2016-06-26,13:13:12,-7.194652,72.424438
GV37503,unknown,Adult,Chick rearing,GV37503_1,2016-06-26,13:18:12,-7.184606,72.439423
GV37503,unknown,Adult,Chick rearing,GV37503_1,2016-06-26,13:23:13,-7.183626,72.441902
GV37503,unknown,Adult,Chick rearing,GV37503_1,2016-06-26,13:28:15,-7.181529,72.442253
GV37503,unknown,Adult,Chick rearing,GV37503_1,2016-06-26,13:33:21,-7.181458,72.44561
GV37503,unknown,Adult,Chick rearing,GV37503_1,2016-06-26,13:38:21,-7.179282,72.449127
GV37503,unknown,Adult,Chick rearing,GV37503_1,2016-06-26,13:43:22,-7.180172,72.454414
GV37503,unknown,Adult,Chick rearing,GV37503_1,2016-06-26,13:48:22,-7.178288,72.452888
GV37503,unknown,Adult,Chick rearing,GV37503_1,2016-06-26,13:53:22,-7.178194,72.457619
GV37503,unknown,Adult,Chick rearing,GV37503_1,2016-06-26,13:58:21,-7.178295,72.463188
GV37503,unknown,Adult,Chick rearing,GV37503_1,2016-06-26,14:03:26,-7.179127,72.466019
GV37503,unknown,Adult,Chick rearing,GV37503_1,2016-06-26,14:08:27,-7.184058,72.468903
GV37503,unknown,Adult,Chick rearing,GV37503_1,2016-06-26,14:13:27,-7.194022,72.463257
GV37503,unknown,Adult,Chick rearing,GV37503_1,2016-06-26,14:18:26,-7.21258,72.441246
GV37503,unknown,Adult,Chick rearing,GV37503_1,2016-06-26,14:23:26,-7.239372,72.436752
GV37503,unknown,Adult,Chick rearing,GV37503_2,2016-06-27,02:36:30,-7.223939,72.434898
GV37503,unknown,Adult,Chick rearing,GV37503_2,2016-06-27,02:41:30,-7.197037,72.415497
GV37503,unknown,Adult,Chick rearing,GV37503_2,2016-06-27,02:46:29,-7.167048,72.401596
GV37503,unknown,Adult,Chick rearing,GV37503_2,2016-06-27,02:51:28,-7.138242,72.396317
GV37503,unknown,Adult,Chick rearing,GV37503_2,2016-06-27,02:56:27,-7.109537,72.400604
GV37503,unknown,Adult,Chick rearing,GV37503_2,2016-06-27,03:01:30,-7.085362,72.409973
GV37503,unknown,Adult,Chick rearing,GV37503_2,2016-06-27,03:06:30,-7.059559,72.421028
GV37503,unknown,Adult,Chick rearing,GV37503_2,2016-06-27,03:11:31,-7.036633,72.434814
GV37503,unknown,Adult,Chick rearing,GV37503_2,2016-06-27,03:16:31,-7.008745,72.442215
GV37503,unknown,Adult,Chick rearing,GV37503_2,2016-06-27,03:21:32,-7.011127,72.437325
GV37503,unknown,Adult,Chick rearing,GV37503_2,2016-06-27,03:26:32,-7.013942,72.434792
GV37503,unknown,Adult,Chick rearing,GV37503_2,2016-06-27,03:31:32,-7.013536,72.432579
GV37503,unknown,Adult,Chick rearing,GV37503_2,2016-06-27,03:36:33,-6.986651,72.440575
GV37503,unknown,Adult,Chick rearing,GV37503_2,2016-06-27,03:41:54,-6.977454,72.461037
GV37503,unknown,Adult,Chick rearing,GV37503_2,2016-06-27,03:46:54,-6.97751,72.45565
GV37503,unknown,Adult,Chick rearing,GV37503_2,2016-06-27,03:51:54,-6.981098,72.462418
GV37503,unknown,Adult,Chick rearing,GV37503_2,2016-06-27,03:56:58,-6.982773,72.466759
GV37503,unknown,Adult,Chick rearing,GV37503_2,2016-06-27,04:02:01,-6.985904,72.46154
GV37503,unknown,Adult,Chick rearing,GV37503_2,2016-06-27,04:07:31,-6.989812,72.463058
GV37503,unknown,Adult,Chick rearing,GV37503_2,2016-06-27,04:12:30,-6.992009,72.459152
GV37503,unknown,Adult,Chick rearing,GV37503_2,2016-06-27,04:17:29,-6.993987,72.46032
GV37503,unknown,Adult,Chick rearing,GV37503_2,2016-06-27,04:22:28,-6.99773,72.461472
GV37503,unknown,Adult,Chick rearing,GV37503_2,2016-06-27,04:27:27,-7.000416,72.466888
GV37503,unknown,Adult,Chick rearing,GV37503_2,2016-06-27,04:32:31,-7.001339,72.471848
GV37503,unknown,Adult,Chick rearing,GV37503_2,2016-06-27,04:37:29,-7.006567,72.476646
GV37503,unknown,Adult,Chick rearing,GV37503_2,2016-06-27,04:42:28,-7.002986,72.482231
GV37503,unknown,Adult,Chick rearing,GV37503_2,2016-06-27,04:47:27,-7.000546,72.48555
GV37503,unknown,Adult,Chick rearing,GV37503_2,2016-06-27,04:52:26,-6.997773,72.495277
GV37503,unknown,Adult,Chick rearing,GV37503_2,2016-06-27,04:57:24,-6.997349,72.500298
GV37503,unknown,Adult,Chick rearing,GV37503_2,2016-06-27,05:02:32,-6.992723,72.506966
GV37503,unknown,Adult,Chick rearing,GV37503_2,2016-06-27,05:07:55,-6.988711,72.514565
GV37503,unknown,Adult,Chick rearing,GV37503_2,2016-06-27,05:13:18,-6.983397,72.5205
GV37503,unknown,Adult,Chick rearing,GV37503_2,2016-06-27,05:18:39,-6.978344,72.520515
GV37503,unknown,Adult,Chick rearing,GV37503_2,2016-06-27,05:24:01,-6.978788,72.518143
GV37503,unknown,Adult,Chick rearing,GV37503_2,2016-06-27,05:29:30,-6.978093,72.517609
GV37503,unknown,Adult,Chick rearing,GV37503_2,2016-06-27,05:34:58,-6.978704,72.532425
GV37503,unknown,Adult,Chick rearing,GV37503_2,2016-06-27,05:40:27,-6.978221,72.532425
GV37503,unknown,Adult,Chick rearing,GV37503_2,2016-06-27,05:45:52,-6.987152,72.535255
GV37503,unknown,Adult,Chick rearing,GV37503_2,2016-06-27,05:51:17,-6.986935,72.536682
GV37503,unknown,Adult,Chick rearing,GV37503_2,2016-06-27,05:56:45,-6.987076,72.540474
GV37503,unknown,Adult,Chick rearing,GV37503_2,2016-06-27,06:02:03,-6.978702,72.544189
GV37503,unknown,Adult,Chick rearing,GV37503_2,2016-06-27,06:07:02,-6.956485,72.559395
GV37503,unknown,Adult,Chick rearing,GV37503_2,2016-06-27,06:12:02,-6.946543,72.589943
GV37503,unknown,Adult,Chick rearing,GV37503_2,2016-06-27,06:17:02,-6.945074,72.59922
GV37503,unknown,Adult,Chick rearing,GV37503_2,2016-06-27,06:22:03,-6.946671,72.603157
GV37503,unknown,Adult,Chick rearing,GV37503_2,2016-06-27,06:27:03,-6.946195,72.609413
GV37503,unknown,Adult,Chick rearing,GV37503_2,2016-06-27,06:32:03,-6.946357,72.614769
GV37503,unknown,Adult,Chick rearing,GV37503_2,2016-06-27,06:37:02,-6.953601,72.615364
GV37503,unknown,Adult,Chick rearing,GV37503_2,2016-06-27,06:42:01,-6.95098,72.620888
GV37503,unknown,Adult,Chick rearing,GV37503_2,2016-06-27,06:47:01,-6.957189,72.622925
GV37503,unknown,Adult,Chick rearing,GV37503_2,2016-06-27,06:52:01,-6.961722,72.625244
GV37503,unknown,Adult,Chick rearing,GV37503_2,2016-06-27,06:57:02,-6.96863,72.626236
GV37503,unknown,Adult,Chick rearing,GV37503_2,2016-06-27,07:25:40,-6.96863,72.626236
GV37503,unknown,Adult,Chick rearing,GV37503_2,2016-06-27,07:36:35,-6.985498,72.648529
GV37503,unknown,Adult,Chick rearing,GV37503_2,2016-06-27,07:41:36,-6.989253,72.652245
GV37503,unknown,Adult,Chick rearing,GV37503_2,2016-06-27,07:46:37,-6.984322,72.657867
GV37503,unknown,Adult,Chick rearing,GV37503_2,2016-06-27,07:51:38,-6.987042,72.663635
GV37503,unknown,Adult,Chick rearing,GV37503_2,2016-06-27,07:56:43,-6.987769,72.670425
GV37503,unknown,Adult,Chick rearing,GV37503_2,2016-06-27,08:01:46,-6.987602,72.67437
GV37503,unknown,Adult,Chick rearing,GV37503_2,2016-06-27,08:06:47,-6.981463,72.67746
GV37503,unknown,Adult,Chick rearing,GV37503_2,2016-06-27,08:11:48,-6.976284,72.677658
GV37503,unknown,Adult,Chick rearing,GV37503_2,2016-06-27,08:16:49,-6.970978,72.678772
GV37503,unknown,Adult,Chick rearing,GV37503_2,2016-06-27,08:21:50,-6.965683,72.678421
GV37503,unknown,Adult,Chick rearing,GV37503_2,2016-06-27,08:27:12,-6.964862,72.680862
GV37503,unknown,Adult,Chick rearing,GV37503_2,2016-06-27,08:32:18,-6.963845,72.680817
GV37503,unknown,Adult,Chick rearing,GV37503_2,2016-06-27,08:37:20,-6.977227,72.685577
GV37503,unknown,Adult,Chick rearing,GV37503_2,2016-06-27,08:42:21,-7.002112,72.688072
GV37503,unknown,Adult,Chick rearing,GV37503_2,2016-06-27,08:47:22,-6.998676,72.699913
GV37503,unknown,Adult,Chick rearing,GV37503_2,2016-06-27,08:52:23,-6.996021,72.707878
GV37503,unknown,Adult,Chick rearing,GV37503_2,2016-06-27,08:57:24,-6.993799,72.710457
GV37503,unknown,Adult,Chick rearing,GV37503_2,2016-06-27,09:02:31,-6.988508,72.713631
GV37503,unknown,Adult,Chick rearing,GV37503_2,2016-06-27,09:07:43,-6.986777,72.715729
GV37503,unknown,Adult,Chick rearing,GV37503_2,2016-06-27,09:12:44,-6.979874,72.707726
GV37503,unknown,Adult,Chick rearing,GV37503_2,2016-06-27,09:17:44,-6.974355,72.702988
GV37503,unknown,Adult,Chick rearing,GV37503_2,2016-06-27,09:22:43,-6.969092,72.702385
GV37503,unknown,Adult,Chick rearing,GV37503_2,2016-06-27,09:27:44,-6.962045,72.698349
GV37503,unknown,Adult,Chick rearing,GV37503_2,2016-06-27,09:32:44,-6.962187,72.70163
GV37503,unknown,Adult,Chick rearing,GV37503_2,2016-06-27,09:37:46,-6.958818,72.705345
GV37503,unknown,Adult,Chick rearing,GV37503_2,2016-06-27,09:42:47,-6.952198,72.70092
GV37503,unknown,Adult,Chick rearing,GV37503_2,2016-06-27,09:47:51,-6.946956,72.702042
GV37503,unknown,Adult,Chick rearing,GV37503_2,2016-06-27,09:52:51,-6.941543,72.696053
GV37503,unknown,Adult,Chick rearing,GV37503_2,2016-06-27,09:57:56,-6.932578,72.698051
GV37503,unknown,Adult,Chick rearing,GV37503_2,2016-06-27,10:03:20,-6.932578,72.698051
GV37503,unknown,Adult,Chick rearing,GV37503_2,2016-06-27,10:09:18,-6.927761,72.699211
GV37503,unknown,Adult,Chick rearing,GV37503_2,2016-06-27,10:16:47,-6.927761,72.699211
GV37503,unknown,Adult,Chick rearing,GV37503_2,2016-06-27,10:28:17,-6.899781,72.684464
GV37503,unknown,Adult,Chick rearing,GV37503_2,2016-06-27,10:41:55,-6.879416,72.676178
GV37503,unknown,Adult,Chick rearing,GV37503_2,2016-06-27,10:57:43,-6.868827,72.675026
GV37503,unknown,Adult,Chick rearing,GV37503_2,2016-06-27,11:14:33,-6.848212,72.677475
GV37503,unknown,Adult,Chick rearing,GV37503_2,2016-06-27,11:31:56,-6.838829,72.661522
GV37503,unknown,Adult,Chick rearing,GV37503_2,2016-06-27,11:36:30,-6.832162,72.654282
GV37503,unknown,Adult,Chick rearing,GV37503_2,2016-06-27,11:41:44,-6.844559,72.621986
GV37503,unknown,Adult,Chick rearing,GV37503_2,2016-06-27,11:54:14,-6.832959,72.618446
GV37503,unknown,Adult,Chick rearing,GV37503_2,2016-06-27,12:09:45,-6.807574,72.635933
GV37503,unknown,Adult,Chick rearing,GV37503_2,2016-06-27,13:20:12,-6.807574,72.635933
GV37503,unknown,Adult,Chick rearing,GV37503_2,2016-06-27,13:38:04,-6.819057,72.574364
GV37503,unknown,Adult,Chick rearing,GV37503_2,2016-06-27,13:43:05,-6.846467,72.568832
GV37503,unknown,Adult,Chick rearing,GV37503_2,2016-06-27,13:48:06,-6.877152,72.561775
GV37503,unknown,Adult,Chick rearing,GV37503_2,2016-06-27,13:53:08,-6.907472,72.556473
GV37503,unknown,Adult,Chick rearing,GV37503_2,2016-06-27,13:58:10,-6.934234,72.54657
GV37503,unknown,Adult,Chick rearing,GV37503_2,2016-06-27,14:03:16,-6.962404,72.528587
GV37503,unknown,Adult,Chick rearing,GV37503_2,2016-06-27,14:08:20,-6.989761,72.515739
GV37503,unknown,Adult,Chick rearing,GV37503_2,2016-06-27,14:13:22,-7.017527,72.503944
GV37503,unknown,Adult,Chick rearing,GV37503_2,2016-06-27,14:18:24,-7.047593,72.491608
GV37503,unknown,Adult,Chick rearing,GV37503_2,2016-06-27,14:23:26,-7.075353,72.478241
GV37503,unknown,Adult,Chick rearing,GV37503_2,2016-06-27,14:28:29,-7.103424,72.466408
GV37503,unknown,Adult,Chick rearing,GV37503_2,2016-06-27,14:33:32,-7.130989,72.459221
GV37503,unknown,Adult,Chick rearing,GV37503_2,2016-06-27,14:38:35,-7.157801,72.450317
GV37503,unknown,Adult,Chick rearing,GV37503_2,2016-06-27,14:43:38,-7.181623,72.435074
GV37503,unknown,Adult,Chick rearing,GV37503_2,2016-06-27,14:48:41,-7.205943,72.426811
GV37503,unknown,Adult,Chick rearing,GV37503_2,2016-06-27,14:53:45,-7.229121,72.428436
GV37503,unknown,Adult,Chick rearing,GV37503_3,2016-06-29,02:18:47,-7.224823,72.433441
GV37503,unknown,Adult,Chick rearing,GV37503_3,2016-06-29,02:23:49,-7.221978,72.431396
GV37503,unknown,Adult,Chick rearing,GV37503_3,2016-06-29,02:28:48,-7.193837,72.433784
GV37503,unknown,Adult,Chick rearing,GV37503_3,2016-06-29,02:33:48,-7.164305,72.436913
GV37503,unknown,Adult,Chick rearing,GV37503_3,2016-06-29,02:38:48,-7.135824,72.44529
GV37503,unknown,Adult,Chick rearing,GV37503_3,2016-06-29,02:43:50,-7.109287,72.453346
GV37503,unknown,Adult,Chick rearing,GV37503_3,2016-06-29,02:48:51,-7.086541,72.442909
GV37503,unknown,Adult,Chick rearing,GV37503_3,2016-06-29,02:53:52,-7.089422,72.440605
GV37503,unknown,Adult,Chick rearing,GV37503_3,2016-06-29,02:58:55,-7.089378,72.437347
GV37503,unknown,Adult,Chick rearing,GV37503_3,2016-06-29,03:39:07,-7.089378,72.437347
GV37503,unknown,Adult,Chick rearing,GV37503_3,2016-06-29,03:55:34,-7.118969,72.441406
GV37503,unknown,Adult,Chick rearing,GV37503_3,2016-06-29,04:01:04,-7.126749,72.437088
GV37503,unknown,Adult,Chick rearing,GV37503_3,2016-06-29,04:06:06,-7.12646,72.442398
GV37503,unknown,Adult,Chick rearing,GV37503_3,2016-06-29,04:11:07,-7.128478,72.444893
GV37503,unknown,Adult,Chick rearing,GV37503_3,2016-06-29,04:16:13,-7.133225,72.445107
GV37503,unknown,Adult,Chick rearing,GV37503_3,2016-06-29,04:21:33,-7.135657,72.447701
GV37503,unknown,Adult,Chick rearing,GV37503_3,2016-06-29,04:28:08,-7.138254,72.440689
GV37503,unknown,Adult,Chick rearing,GV37503_3,2016-06-29,04:33:12,-7.135824,72.446838
GV37503,unknown,Adult,Chick rearing,GV37503_3,2016-06-29,04:38:13,-7.135899,72.448692
GV37503,unknown,Adult,Chick rearing,GV37503_3,2016-06-29,04:43:21,-7.131117,72.447304
GV37503,unknown,Adult,Chick rearing,GV37503_3,2016-06-29,04:48:28,-7.127546,72.45034
GV37503,unknown,Adult,Chick rearing,GV37503_3,2016-06-29,04:53:35,-7.124164,72.45298
GV37503,unknown,Adult,Chick rearing,GV37503_3,2016-06-29,04:58:39,-7.114717,72.450592
GV37503,unknown,Adult,Chick rearing,GV37503_3,2016-06-29,05:03:45,-7.118352,72.455933
GV37503,unknown,Adult,Chick rearing,GV37503_3,2016-06-29,05:08:55,-7.11903,72.459267
GV37503,unknown,Adult,Chick rearing,GV37503_3,2016-06-29,05:19:17,-7.11903,72.459267
GV37503,unknown,Adult,Chick rearing,GV37503_3,2016-06-29,05:25:04,-7.112301,72.479675
GV37503,unknown,Adult,Chick rearing,GV37503_3,2016-06-29,05:31:18,-7.109646,72.482056
GV37503,unknown,Adult,Chick rearing,GV37503_3,2016-06-29,05:36:18,-7.111867,72.485542
GV37503,unknown,Adult,Chick rearing,GV37503_3,2016-06-29,05:41:19,-7.115113,72.491463
GV37503,unknown,Adult,Chick rearing,GV37503_3,2016-06-29,05:46:20,-7.120515,72.492226
GV37503,unknown,Adult,Chick rearing,GV37503_3,2016-06-29,05:51:27,-7.125174,72.492081
GV37503,unknown,Adult,Chick rearing,GV37503_3,2016-06-29,05:56:29,-7.129279,72.485794
GV37503,unknown,Adult,Chick rearing,GV37503_3,2016-06-29,06:01:48,-7.131044,72.491356
GV37503,unknown,Adult,Chick rearing,GV37503_3,2016-06-29,06:07:18,-7.13703,72.490051
GV37503,unknown,Adult,Chick rearing,GV37503_3,2016-06-29,06:12:44,-7.138891,72.488022
GV37503,unknown,Adult,Chick rearing,GV37503_3,2016-06-29,06:18:13,-7.140017,72.48494
GV37503,unknown,Adult,Chick rearing,GV37503_3,2016-06-29,06:23:51,-7.143664,72.486328
GV37503,unknown,Adult,Chick rearing,GV37503_3,2016-06-29,06:29:15,-7.147366,72.487549
GV37503,unknown,Adult,Chick rearing,GV37503_3,2016-06-29,06:34:40,-7.145034,72.492661
GV37503,unknown,Adult,Chick rearing,GV37503_3,2016-06-29,06:40:19,-7.145161,72.495949
GV37503,unknown,Adult,Chick rearing,GV37503_3,2016-06-29,06:46:02,-7.146986,72.495888
GV37503,unknown,Adult,Chick rearing,GV37503_3,2016-06-29,06:52:23,-7.149577,72.496788
GV37503,unknown,Adult,Chick rearing,GV37503_3,2016-06-29,07:01:06,-7.182652,72.462135
GV37503,unknown,Adult,Chick rearing,GV37503_3,2016-06-29,07:09:56,-7.222911,72.437447
GV37503,unknown,Adult,Chick rearing,GV37503_3,2016-06-29,07:15:04,-7.238537,72.434677
GV37503,unknown,Adult,Chick rearing,GV37503_4,2016-06-30,02:17:32,-7.22677,72.438461
GV37503,unknown,Adult,Chick rearing,GV37503_4,2016-06-30,02:22:41,-7.212492,72.43927
GV37503,unknown,Adult,Chick rearing,GV37503_4,2016-06-30,02:27:47,-7.211806,72.437553
GV37503,unknown,Adult,Chick rearing,GV37503_4,2016-06-30,02:32:47,-7.186946,72.440575
GV37503,unknown,Adult,Chick rearing,GV37503_4,2016-06-30,02:37:46,-7.160086,72.448792
GV37503,unknown,Adult,Chick rearing,GV37503_4,2016-06-30,02:42:45,-7.133787,72.458092
GV37503,unknown,Adult,Chick rearing,GV37503_4,2016-06-30,02:47:44,-7.109055,72.469398
GV37503,unknown,Adult,Chick rearing,GV37503_4,2016-06-30,02:52:43,-7.098733,72.463402
GV37503,unknown,Adult,Chick rearing,GV37503_4,2016-06-30,02:57:41,-7.100065,72.46566
GV37503,unknown,Adult,Chick rearing,GV37503_4,2016-06-30,03:02:46,-7.103926,72.464417
GV37503,unknown,Adult,Chick rearing,GV37503_4,2016-06-30,03:07:45,-7.103487,72.462814
GV37503,unknown,Adult,Chick rearing,GV37503_4,2016-06-30,03:12:46,-7.107842,72.465126
GV37503,unknown,Adult,Chick rearing,GV37503_4,2016-06-30,03:17:46,-7.093718,72.469788
GV37503,unknown,Adult,Chick rearing,GV37503_4,2016-06-30,03:22:46,-7.06868,72.482025
GV37503,unknown,Adult,Chick rearing,GV37503_4,2016-06-30,03:27:46,-7.062234,72.498665
GV37503,unknown,Adult,Chick rearing,GV37503_4,2016-06-30,03:32:48,-7.075024,72.49482
GV37503,unknown,Adult,Chick rearing,GV37503_4,2016-06-30,03:37:49,-7.075114,72.486031
GV37503,unknown,Adult,Chick rearing,GV37503_4,2016-06-30,03:42:53,-7.074951,72.485374
GV37503,unknown,Adult,Chick rearing,GV37503_4,2016-06-30,03:47:57,-7.079214,72.481537
GV37503,unknown,Adult,Chick rearing,GV37503_4,2016-06-30,03:53:02,-7.082006,72.478554
GV37503,unknown,Adult,Chick rearing,GV37503_4,2016-06-30,03:58:07,-7.083982,72.474777
GV37503,unknown,Adult,Chick rearing,GV37503_4,2016-06-30,04:03:33,-7.086712,72.471603
GV37503,unknown,Adult,Chick rearing,GV37503_4,2016-06-30,04:08:49,-7.090859,72.469894
GV37503,unknown,Adult,Chick rearing,GV37503_4,2016-06-30,04:14:06,-7.096467,72.468559
GV37503,unknown,Adult,Chick rearing,GV37503_4,2016-06-30,04:19:21,-7.100154,72.466011
GV37503,unknown,Adult,Chick rearing,GV37503_4,2016-06-30,04:24:37,-7.105,72.463394
GV37503,unknown,Adult,Chick rearing,GV37503_4,2016-06-30,04:29:52,-7.108704,72.461853
GV37503,unknown,Adult,Chick rearing,GV37503_4,2016-06-30,04:35:12,-7.111164,72.456718
GV37503,unknown,Adult,Chick rearing,GV37503_4,2016-06-30,04:40:28,-7.114008,72.451958
GV37503,unknown,Adult,Chick rearing,GV37503_4,2016-06-30,04:45:44,-7.117169,72.449013
GV37503,unknown,Adult,Chick rearing,GV37503_4,2016-06-30,04:50:59,-7.118253,72.445839
GV37503,unknown,Adult,Chick rearing,GV37503_4,2016-06-30,04:56:16,-7.119253,72.441391
GV37503,unknown,Adult,Chick rearing,GV37503_4,2016-06-30,05:02:25,-7.119253,72.441391
GV37503,unknown,Adult,Chick rearing,GV37503_4,2016-06-30,05:09:18,-7.117568,72.440071
GV37503,unknown,Adult,Chick rearing,GV37503_4,2016-06-30,05:20:30,-7.117568,72.440071
GV37503,unknown,Adult,Chick rearing,GV37503_4,2016-06-30,05:33:48,-7.107008,72.42585
GV37503,unknown,Adult,Chick rearing,GV37503_4,2016-06-30,05:48:49,-7.101654,72.418159
GV37503,unknown,Adult,Chick rearing,GV37503_4,2016-06-30,05:54:13,-7.084958,72.414711
GV37503,unknown,Adult,Chick rearing,GV37503_4,2016-06-30,06:27:38,-7.084958,72.414711
GV37503,unknown,Adult,Chick rearing,GV37503_4,2016-06-30,06:44:33,-7.114246,72.406029
GV37503,unknown,Adult,Chick rearing,GV37503_4,2016-06-30,06:49:58,-7.118187,72.406555
GV37503,unknown,Adult,Chick rearing,GV37503_4,2016-06-30,06:55:22,-7.121882,72.407166
GV37503,unknown,Adult,Chick rearing,GV37503_4,2016-06-30,07:28:47,-7.121882,72.407166
GV37503,unknown,Adult,Chick rearing,GV37503_4,2016-06-30,07:45:55,-7.136904,72.428169
GV37503,unknown,Adult,Chick rearing,GV37503_4,2016-06-30,07:51:01,-7.13523,72.430405
GV37503,unknown,Adult,Chick rearing,GV37503_4,2016-06-30,07:56:06,-7.135141,72.433838
GV37503,unknown,Adult,Chick rearing,GV37503_4,2016-06-30,08:01:16,-7.120413,72.445541
GV37503,unknown,Adult,Chick rearing,GV37503_4,2016-06-30,08:06:33,-7.114316,72.452927
GV37503,unknown,Adult,Chick rearing,GV37503_4,2016-06-30,08:11:50,-7.120605,72.453758
GV37503,unknown,Adult,Chick rearing,GV37503_4,2016-06-30,08:17:07,-7.126755,72.451927
GV37503,unknown,Adult,Chick rearing,GV37503_4,2016-06-30,08:22:24,-7.127474,72.444244
GV37503,unknown,Adult,Chick rearing,GV37503_4,2016-06-30,08:27:40,-7.131099,72.436981
GV37503,unknown,Adult,Chick rearing,GV37503_4,2016-06-30,08:33:01,-7.130643,72.435722
GV37503,unknown,Adult,Chick rearing,GV37503_4,2016-06-30,08:38:18,-7.130214,72.435715
GV37503,unknown,Adult,Chick rearing,GV37503_4,2016-06-30,08:43:35,-7.131875,72.436501
GV37503,unknown,Adult,Chick rearing,GV37503_4,2016-06-30,08:48:51,-7.132535,72.433662
GV37503,unknown,Adult,Chick rearing,GV37503_4,2016-06-30,08:54:07,-7.133769,72.430565
GV37503,unknown,Adult,Chick rearing,GV37503_4,2016-06-30,08:59:23,-7.135262,72.433891
GV37503,unknown,Adult,Chick rearing,GV37503_4,2016-06-30,09:05:31,-7.135081,72.432678
GV37503,unknown,Adult,Chick rearing,GV37503_4,2016-06-30,09:12:24,-7.139671,72.428581
GV37503,unknown,Adult,Chick rearing,GV37503_4,2016-06-30,09:23:37,-7.143173,72.42305
GV37503,unknown,Adult,Chick rearing,GV37503_4,2016-06-30,09:36:32,-7.124415,72.414879
GV37503,unknown,Adult,Chick rearing,GV37503_4,2016-06-30,09:48:58,-7.103939,72.36528
GV37503,unknown,Adult,Chick rearing,GV37503_4,2016-06-30,09:53:59,-7.120635,72.335106
GV37503,unknown,Adult,Chick rearing,GV37503_4,2016-06-30,09:58:59,-7.123327,72.303368
GV37503,unknown,Adult,Chick rearing,GV37503_4,2016-06-30,10:15:33,-7.123327,72.303368
GV37503,unknown,Adult,Chick rearing,GV37503_4,2016-06-30,10:29:30,-7.138467,72.305077
GV37503,unknown,Adult,Chick rearing,GV37503_4,2016-06-30,10:44:04,-7.156109,72.286903
GV37503,unknown,Adult,Chick rearing,GV37503_4,2016-06-30,10:49:07,-7.156461,72.277924
GV37503,unknown,Adult,Chick rearing,GV37503_4,2016-06-30,10:54:08,-7.159616,72.27845
GV37503,unknown,Adult,Chick rearing,GV37503_4,2016-06-30,10:59:15,-7.167176,72.277161
GV37503,unknown,Adult,Chick rearing,GV37503_4,2016-06-30,11:04:34,-7.171839,72.279526
GV37503,unknown,Adult,Chick rearing,GV37503_4,2016-06-30,11:10:06,-7.173822,72.280693
GV37503,unknown,Adult,Chick rearing,GV37503_4,2016-06-30,11:16:49,-7.176627,72.284065
GV37503,unknown,Adult,Chick rearing,GV37503_4,2016-06-30,11:22:33,-7.177875,72.288132
GV37503,unknown,Adult,Chick rearing,GV37503_4,2016-06-30,11:28:40,-7.174681,72.288292
GV37503,unknown,Adult,Chick rearing,GV37503_4,2016-06-30,11:34:15,-7.172243,72.285538
GV37503,unknown,Adult,Chick rearing,GV37503_4,2016-06-30,11:39:40,-7.172243,72.285538
GV37503,unknown,Adult,Chick rearing,GV37503_4,2016-06-30,11:45:32,-7.167192,72.281639
GV37503,unknown,Adult,Chick rearing,GV37503_4,2016-06-30,11:53:03,-7.160006,72.279907
GV37503,unknown,Adult,Chick rearing,GV37503_4,2016-06-30,12:03:49,-7.152212,72.279892
GV37503,unknown,Adult,Chick rearing,GV37503_4,2016-06-30,12:14:25,-7.1430110000000004,72.266045
GV37503,unknown,Adult,Chick rearing,GV37503_4,2016-06-30,12:24:27,-7.135034,72.272377
GV37503,unknown,Adult,Chick rearing,GV37503_4,2016-06-30,12:34:41,-7.135841,72.272423
GV37503,unknown,Adult,Chick rearing,GV37503_4,2016-06-30,12:46:44,-7.128622,72.280052
GV37503,unknown,Adult,Chick rearing,GV37503_4,2016-06-30,12:59:37,-7.122792,72.279167
GV37503,unknown,Adult,Chick rearing,GV37503_4,2016-06-30,13:11:29,-7.122792,72.279167
GV37503,unknown,Adult,Chick rearing,GV37503_4,2016-06-30,13:25:04,-7.173157,72.305649
GV37503,unknown,Adult,Chick rearing,GV37503_4,2016-06-30,13:39:25,-7.169478,72.354218
GV37503,unknown,Adult,Chick rearing,GV37503_4,2016-06-30,13:44:26,-7.173934,72.371605
GV37503,unknown,Adult,Chick rearing,GV37503_4,2016-06-30,13:49:35,-7.199552,72.383469
GV37503,unknown,Adult,Chick rearing,GV37503_4,2016-06-30,13:55:00,-7.198402,72.389587
GV37503,unknown,Adult,Chick rearing,GV37503_4,2016-06-30,14:02:20,-7.195306,72.394951
GV37503,unknown,Adult,Chick rearing,GV37503_4,2016-06-30,14:09:53,-7.226777,72.417763
GV37503,unknown,Adult,Chick rearing,GV37503_4,2016-06-30,14:15:32,-7.238547,72.434746
